County,PQIDescription,RiskAdjRate_mean,ObsRate_mean,years_count,CtyPQIRate,CtyPhyRate,StPQIRate,StPhyRate,CtyMeanLengthStay,StMeanLengthStay,PQIRateComp,PhySupplyRateComp,z_risk,z_phys,priority_score,quadrant
Alameda,Asthma in Younger Adults (Age 18-39),13.74,10.38,5,12.4,357.4,16.0,351.2,2.3,2.5,Low,High,-0.7097941317597858,1.981636198284216,-2.691430330044002,00
Alameda,COPD or Asthma in Older Adults (Age 40+),169.57999999999998,111.82000000000001,5,125.3,230.4,134.7,232.4,3.6,3.9,Low,Low,-0.12375737358051628,0.8007786291541351,-0.9245360027346514,00
Alameda,Community-Acquired Pneumonia,70.2,51.7,5,58.7,138.7,88.5,133.3,4.2,4.5,Low,High,-0.49747614300977583,-0.051856324304356764,-0.44561981870541906,01
Alameda,Diabetes Composite,192.64000000000001,150.76,5,170.9,150.0,223.4,147.8,5.3,5.6,Low,High,-0.03704017874213091,0.053212105074934034,-0.09025228381706495,00
Alameda,Heart Failure,370.62,289.78000000000003,5,324.8,177.3,353.7,161.2,4.8,4.9,Low,High,0.6322541116887366,0.30704999198242405,0.3252041197063125,10
Alameda,Hypertension,46.9,32.82,5,36.3,179.1,49.0,161.5,3.1,3.0,Low,High,-0.5850958585229751,0.3237865559543463,-0.9088824144773213,00
Alameda,Urinary Tract Infection,69.82000000000001,52.82000000000001,5,59.6,150.8,84.4,140.1,3.7,3.7,Low,High,-0.4989051340782314,0.0606505779513441,-0.5595557120295755,00
Alpine,Asthma in Younger Adults (Age 18-39),0.0,0.0,5,0.0,0.0,16.0,351.2,0.0,2.5,Low,Low,-0.7614634403928913,-1.3415015592519335,0.5800381188590422,01
Alpine,COPD or Asthma in Older Adults (Age 40+),0.0,0.0,5,0.0,0.0,134.7,232.4,0.0,3.9,Low,Low,-0.7614634403928913,-1.3415015592519335,0.5800381188590422,01
Alpine,Community-Acquired Pneumonia,30.420000000000005,41.32000000000001,5,104.7,0.0,88.5,133.3,3.0,4.5,High,Low,-0.6470689448602078,-1.3415015592519335,0.6944326143917257,01
Alpine,Diabetes Composite,45.059999999999995,59.64000000000001,5,0.0,0.0,223.4,147.8,0.0,5.6,Low,Low,-0.5920151836965496,-1.3415015592519335,0.7494863755553839,01
Alpine,Heart Failure,14.0,20.94,5,104.7,0.0,353.7,161.2,4.0,4.9,Low,Low,-0.7088164010287372,-1.3415015592519335,0.6326851582231963,01
Alpine,Hypertension,0.0,0.0,5,0.0,0.0,49.0,161.5,0.0,3.0,Low,Low,-0.7614634403928913,-1.3415015592519335,0.5800381188590422,01
Alpine,Urinary Tract Infection,0.0,0.0,5,0.0,0.0,84.4,140.1,0.0,3.7,Low,Low,-0.7614634403928913,-1.3415015592519335,0.5800381188590422,01
Amador,Asthma in Younger Adults (Age 18-39),4.1,2.725,5,0.0,403.8,16.0,351.2,0.0,2.5,Low,High,-0.7460453788648176,2.413067625115994,-3.1591130039808117,00
Amador,COPD or Asthma in Older Adults (Age 40+),145.7,124.25999999999999,5,197.7,148.9,134.7,232.4,3.1,3.9,High,Low,-0.21355818072451624,0.04298420486987039,-0.25654238559438663,00
Amador,Community-Acquired Pneumonia,92.02000000000001,105.04,5,150.1,101.0,88.5,133.3,4.7,4.5,High,Low,-0.4154219716579299,-0.40239435860517603,-0.01302761305275385,01
Amador,Diabetes Composite,215.82,209.92,5,223.8,110.2,223.4,147.8,4.3,5.6,High,Low,0.05012827643366129,-0.3168519205264615,0.3669801969601228,11
Amador,Heart Failure,332.52,378.58000000000004,5,481.6,123.8,353.7,161.2,4.2,4.9,High,Low,0.48897895456200285,-0.1903978816274922,0.6793768361894951,11
Amador,Hypertension,47.019999999999996,44.54,5,51.0,123.8,49.0,161.5,3.3,3.0,High,Low,-0.5846445981855681,-0.1903978816274922,-0.39424671655807597,01
Amador,Urinary Tract Infection,72.74,81.5,5,104.8,105.9,84.4,140.1,2.9,3.7,High,Low,-0.4879244658679935,-0.356833712237165,-0.1310907536308285,01
Butte,Asthma in Younger Adults (Age 18-39),24.0,20.98,5,14.3,206.5,16.0,351.2,1.8,2.5,Low,Low,-0.6712113729114842,0.5785542519713875,-1.2497656248828717,00
Butte,COPD or Asthma in Older Adults (Age 40+),345.8,361.6,5,283.8,153.3,134.7,232.4,2.7,3.9,High,Low,0.5389184319017148,0.08389580569012522,0.4550226262115896,10
Butte,Community-Acquired Pneumonia,114.12,126.55999999999999,5,117.0,80.0,88.5,133.3,3.5,4.5,High,Low,-0.3323148595188009,-0.5976542716109375,0.26533941209213663,01
Butte,Diabetes Composite,275.65999999999997,327.2,5,318.2,93.2,223.4,147.8,4.0,5.6,High,Low,0.2751567646873027,-0.47491946915017313,0.7500762338374758,11
Butte,Heart Failure,569.78,658.96,5,685.0,106.1,353.7,161.2,4.0,4.9,High,Low,1.3811958516719458,-0.3549740940180626,1.7361699456900084,11
Butte,Hypertension,107.62,122.72,5,107.9,108.3,49.0,161.5,2.9,3.0,High,Low,-0.3567581277950153,-0.33451829360793517,-0.022239834187080143,01
Butte,Urinary Tract Infection,111.75999999999999,122.16,5,111.5,88.6,84.4,140.1,3.9,3.7,High,Low,-0.34118964615447267,-0.5176906881895305,0.1765010420350578,01
Calaveras,Asthma in Younger Adults (Age 18-39),15.8,14.52,5,31.0,165.5,16.0,351.2,1.3,2.5,High,Low,-0.7020474959676316,0.19733251705537702,-0.8993800130230086,00
Calaveras,COPD or Asthma in Older Adults (Age 40+),194.62,192.06,5,198.5,55.8,134.7,232.4,3.4,3.9,High,Low,-0.029594383174914873,-0.8226680761223388,0.7930736929474239,01
Calaveras,Community-Acquired Pneumonia,109.32000000000001,143.7,5,127.6,39.2,88.5,133.3,4.0,4.5,High,Low,-0.3503652730150823,-0.9770163883078454,0.6266511152927632,01
Calaveras,Diabetes Composite,157.3,173.04000000000002,5,177.0,39.2,223.4,147.8,4.3,5.6,Low,Low,-0.16993634810850275,-0.9770163883078454,0.8070800401993427,01
Calaveras,Heart Failure,302.7,381.44,5,377.5,46.3,353.7,161.2,4.6,4.9,High,Low,0.3768407607163547,-0.9109999415297071,1.2878407022460618,11
Calaveras,Hypertension,31.52,35.62,5,36.4,46.3,49.0,161.5,3.1,3.0,Low,Low,-0.6429323917673101,-0.9109999415297071,0.268067549762397,01
Calaveras,Urinary Tract Infection,94.1,114.34,5,132.8,44.2,84.4,140.1,3.0,3.7,High,Low,-0.4076001258095413,-0.9305259328302832,0.5229258070207419,01
Colusa,Asthma in Younger Adults (Age 18-39),7.720000000000001,6.3,5,15.9,123.8,16.0,351.2,2.0,2.5,Low,Low,-0.732432358686372,-0.1903978816274922,-0.5420344770588799,01
Colusa,COPD or Asthma in Older Adults (Age 40+),347.28000000000003,260.9,5,223.5,79.0,134.7,232.4,3.5,3.9,High,Low,0.5444839760630683,-0.6069523627064499,1.1514363387695181,11
Colusa,Community-Acquired Pneumonia,173.68,148.78,5,192.3,48.2,88.5,133.3,3.7,4.5,High,Low,-0.10833931205244249,-0.8933335684482334,0.7849942563957909,01
Colusa,Diabetes Composite,314.15999999999997,279.26,5,341.1,48.2,223.4,147.8,6.2,5.6,High,Low,0.41993612293872645,-0.8933335684482334,1.31326969138696,11
Colusa,Heart Failure,508.9,433.08000000000004,5,521.0,59.7,353.7,161.2,3.5,4.9,High,Low,1.15225644049411,-0.7864055208498403,1.9386619613439504,11
Colusa,Hypertension,56.720000000000006,45.94,5,24.8,59.7,49.0,161.5,6.0,3.0,Low,Low,-0.5481677209118327,-0.7864055208498403,0.23823779993800753,01
Colusa,Urinary Tract Infection,180.38,151.62,5,186.1,48.2,84.4,140.1,3.8,3.7,High,Low,-0.08314394321388308,-0.8933335684482334,0.8101896252343503,01
Contra Costa,Asthma in Younger Adults (Age 18-39),13.48,9.32,5,10.3,469.2,16.0,351.2,3.1,2.5,Low,High,-0.7107718624908343,3.021162782762508,-3.731934645253342,00
Contra Costa,COPD or Asthma in Older Adults (Age 40+),175.28,110.3,5,110.9,247.1,134.7,232.4,3.8,3.9,Low,High,-0.10232250755368204,0.9560567504491929,-1.058379258002875,00
Contra Costa,Community-Acquired Pneumonia,85.4,64.08,5,77.2,146.4,88.5,133.3,4.1,4.5,Low,High,-0.4403165002715513,0.019738977131089262,-0.4600554774026405,00
Contra Costa,Diabetes Composite,226.34,163.84,5,172.2,158.2,223.4,147.8,5.4,5.6,Low,High,0.0896887660130114,0.12945645205813602,-0.03976768604512462,10
Contra Costa,Heart Failure,429.0,349.96,5,366.9,172.6,353.7,161.2,4.7,4.9,High,High,0.8517922658372592,0.26334896383351536,0.5884433020037438,10
Contra Costa,Hypertension,54.92,37.04,5,41.1,173.8,49.0,161.5,2.8,3.0,Low,High,-0.5549366259729381,0.2745066731481305,-0.8294432991210686,00
Contra Costa,Urinary Tract Infection,75.03999999999999,61.739999999999995,5,63.0,160.9,84.4,140.1,3.4,3.7,Low,High,-0.47927530940102536,0.1545612980160198,-0.6338366074170452,00
Del Norte,Asthma in Younger Adults (Age 18-39),4.2,5.54,5,14.2,186.2,16.0,351.2,1.0,2.5,Low,Low,-0.7456693285836451,0.38980300273248464,-1.1354723313161297,00
Del Norte,COPD or Asthma in Older Adults (Age 40+),86.96000000000001,114.12,5,135.8,93.7,134.7,232.4,3.4,3.9,High,Low,-0.43445011588525984,-0.4702704236024169,0.03582030771715705,01
Del Norte,Community-Acquired Pneumonia,75.2,106.1,5,123.6,62.3,88.5,133.3,3.4,4.5,High,Low,-0.4786736289511493,-0.762230484001508,0.28355685505035866,01
Del Norte,Diabetes Composite,147.84,220.38000000000002,5,356.6,62.3,223.4,147.8,4.1,5.6,High,Low,-0.20551070470742405,-0.762230484001508,0.5567197792940839,01
Del Norte,Heart Failure,265.02,377.6,5,389.8,78.8,353.7,161.2,3.8,4.9,High,Low,0.23514501477054564,-0.6088119809255524,0.8439569956960981,11
Del Norte,Hypertension,42.48,64.36,5,80.8,78.8,49.0,161.5,2.4,3.0,High,Low,-0.6017172809508009,-0.6088119809255524,0.007094699974751539,01
Del Norte,Urinary Tract Infection,35.260000000000005,44.739999999999995,5,57.1,79.9,84.4,140.1,2.8,3.7,Low,Low,-0.6288681112514575,-0.5985840807204887,-0.03028403053096873,01
El Dorado,Asthma in Younger Adults (Age 18-39),27.525,19.375,5,20.8,284.6,16.0,351.2,1.9,2.5,High,Low,-0.6579556005001526,1.3047351665309102,-1.9626907670310627,00
El Dorado,COPD or Asthma in Older Adults (Age 40+),215.98000000000002,157.26,5,165.3,110.4,134.7,232.4,3.2,3.9,High,Low,0.05072995688353742,-0.314992302307359,0.3657222591908964,11
El Dorado,Community-Acquired Pneumonia,108.94000000000001,101.78,5,108.3,74.2,88.5,133.3,3.8,4.5,High,Low,-0.3517942640835379,-0.6515831999649097,0.29978893588137173,01
El Dorado,Diabetes Composite,175.16,148.44,5,147.6,80.7,223.4,147.8,4.2,5.6,Low,Low,-0.1027737678910891,-0.5911456078440788,0.48837183995298966,01
El Dorado,Heart Failure,297.82,304.68,5,312.7,104.6,353.7,161.2,4.2,4.9,Low,Low,0.35848950699513527,-0.36892123066133126,0.7274107376564665,11
El Dorado,Hypertension,34.6,27.7,5,23.2,105.5,49.0,161.5,2.6,3.0,Low,Low,-0.6313500431071962,-0.36055294867537,-0.2707970944318262,01
El Dorado,Urinary Tract Infection,99.1,94.46000000000001,5,83.8,83.1,84.4,140.1,3.2,3.7,Low,Low,-0.3887976117509148,-0.568830189214849,0.18003257746393414,01
Fresno,Asthma in Younger Adults (Age 18-39),24.0,26.080000000000002,5,28.4,317.7,16.0,351.2,2.0,2.5,High,Low,-0.6712113729114842,1.6125019817923718,-2.283713354703856,00
Fresno,COPD or Asthma in Older Adults (Age 40+),230.54000000000002,234.88000000000002,5,234.8,246.1,134.7,232.4,4.3,3.9,High,High,0.1054828778222577,0.9467586593536805,-0.8412757815314228,10
Fresno,Community-Acquired Pneumonia,129.76,129.57999999999998,5,142.6,131.2,88.5,133.3,5.0,4.5,High,Low,-0.2735005955434174,-0.12159200752070015,-0.15190858802271723,01
Fresno,Diabetes Composite,263.84000000000003,323.41999999999996,5,335.1,142.7,223.4,147.8,6.3,5.6,High,Low,0.23070762145270998,-0.014663959922306962,0.24537158137501694,11
Fresno,Heart Failure,406.18,418.84,5,451.5,160.6,353.7,161.2,5.3,4.9,High,Low,0.765977591673688,0.15177187068736595,0.614205720986322,10
Fresno,Hypertension,53.46,63.36,5,68.1,160.7,49.0,161.5,3.7,3.0,High,Low,-0.5604269600780571,0.15270167979691715,-0.7131286398749743,00
Fresno,Urinary Tract Infection,130.22,126.22,5,144.2,137.4,84.4,140.1,4.5,3.7,High,Low,-0.2717707642500237,-0.0639438427285228,-0.20782692152150092,01
Glenn,Asthma in Younger Adults (Age 18-39),19.240000000000002,17.4,5,0.0,48.3,16.0,351.2,0.0,2.5,Low,Low,-0.6891113662952967,-0.8924037593386822,0.20329239304338553,01
Glenn,COPD or Asthma in Older Adults (Age 40+),290.65999999999997,278.04,5,225.5,29.3,134.7,232.4,6.6,3.9,High,Low,0.33156430686318206,-1.0690674901534187,1.400631797016601,11
Glenn,Community-Acquired Pneumonia,191.56,189.45999999999998,5,213.0,18.2,88.5,133.3,3.8,4.5,High,Low,-0.041101521778794274,-1.172276301313607,1.1311747795348128,01
Glenn,Diabetes Composite,253.38000000000002,280.41999999999996,5,324.3,18.2,223.4,147.8,4.6,5.6,High,Low,0.19137276204206338,-1.172276301313607,1.3636490633556704,11
Glenn,Heart Failure,579.98,627.74,5,726.0,18.2,353.7,161.2,4.5,4.9,High,Low,1.4195529803515439,-1.172276301313607,2.591829281665151,11
Glenn,Hypertension,33.339999999999996,37.38,5,58.1,18.2,49.0,161.5,3.3,3.0,High,Low,-0.63608827664997,-1.172276301313607,0.536188024663637,01
Glenn,Urinary Tract Infection,161.35999999999999,164.66,5,193.6,18.2,84.4,140.1,3.7,3.7,High,Low,-0.15466870669289817,-1.172276301313607,1.0176075946207088,01
Humboldt,Asthma in Younger Adults (Age 18-39),12.575,10.424999999999999,5,0.0,279.6,16.0,351.2,0.0,2.5,Low,Low,-0.7141751175354458,1.258244711053348,-1.9724198285887937,00
Humboldt,COPD or Asthma in Older Adults (Age 40+),134.44,145.22,5,149.9,180.0,134.7,232.4,4.9,3.9,High,Low,-0.255901442384543,0.33215483794030753,-0.5880562803248506,00
Humboldt,Community-Acquired Pneumonia,94.4,109.5,5,113.6,107.5,88.5,133.3,4.4,4.5,High,Low,-0.40647197496602366,-0.34195676648434514,-0.06451520848167852,01
Humboldt,Diabetes Composite,153.44,193.4,5,199.7,110.1,223.4,147.8,5.5,5.6,Low,Low,-0.18445188896176243,-0.3177817296360128,0.13332984067425038,01
Humboldt,Heart Failure,264.86,319.94,5,350.9,131.9,353.7,161.2,5.8,4.9,Low,Low,0.2345433343206697,-0.11508334375384127,0.349626678074511,11
Humboldt,Hypertension,20.9,25.619999999999997,5,20.2,130.3,49.0,161.5,4.1,3.0,Low,Low,-0.6828689316278327,-0.12996028950666114,-0.5529086421211715,01
Humboldt,Urinary Tract Infection,62.48,69.25999999999999,5,73.3,109.3,84.4,140.1,4.7,3.7,Low,Low,-0.5265072247162951,-0.32522020251242273,-0.20128702220387235,01
Imperial,Asthma in Younger Adults (Age 18-39),8.775,10.25,5,10.8,81.9,16.0,351.2,3.2,2.5,Low,Low,-0.7284650282200018,-0.5799878985294638,-0.14847712969053806,01
Imperial,COPD or Asthma in Older Adults (Age 40+),53.6,65.47999999999999,5,69.7,62.2,134.7,232.4,4.6,3.9,Low,Low,-0.5599004896844156,-0.7631602931110592,0.20325980342664351,01
Imperial,Community-Acquired Pneumonia,100.78,118.08,5,133.6,35.7,88.5,133.3,4.4,4.5,High,Low,-0.3824799670272163,-1.0095597071421392,0.6270797401149228,01
Imperial,Diabetes Composite,177.1,238.44,5,264.2,41.6,223.4,147.8,6.7,5.6,High,Low,-0.09547839243634204,-0.9547009696786157,0.8592225772422737,01
Imperial,Heart Failure,240.26,283.86,5,278.1,43.4,353.7,161.2,4.5,4.9,Low,Low,0.1420349651522274,-0.9379644057066931,1.0799993708589206,11
Imperial,Hypertension,22.419999999999998,29.7,5,29.5,47.3,49.0,161.5,3.3,3.0,Low,Low,-0.6771529673540103,-0.9017018504341947,0.2245488830801844,01
Imperial,Urinary Tract Infection,93.72,103.2,5,109.5,41.0,84.4,140.1,3.7,3.7,High,Low,-0.4090291168779969,-0.9602798243359231,0.5512507074579261,01
Inyo,Asthma in Younger Adults (Age 18-39),0.0,0.0,5,0.0,343.3,16.0,351.2,0.0,2.5,Low,Low,-0.7614634403928913,1.8505331138374908,-2.611996554230382,00
Inyo,COPD or Asthma in Older Adults (Age 40+),138.7,135.14000000000001,5,180.1,140.3,134.7,232.4,4.2,3.9,High,Low,-0.2398817004065933,-0.036979378551536636,-0.20290232185505666,01
Inyo,Community-Acquired Pneumonia,106.9,129.36,5,141.3,99.6,88.5,133.3,3.6,4.5,High,Low,-0.35946568981945753,-0.4154116861388935,0.055945996319435976,01
Inyo,Diabetes Composite,165.76,174.88,5,228.8,99.6,223.4,147.8,3.6,5.6,High,Low,-0.13812249432130685,-0.4154116861388935,0.27728919181758666,01
Inyo,Heart Failure,160.02,191.12,5,222.1,192.8,353.7,161.2,2.8,4.9,Low,High,-0.15970778046060996,0.451170403962867,-0.610878184423477,00
Inyo,Hypertension,15.440000000000001,17.419999999999998,5,40.4,192.8,49.0,161.5,2.2,3.0,Low,High,-0.7034012769798528,0.451170403962867,-1.1545716809427198,00
Inyo,Urinary Tract Infection,80.82000000000001,90.55999999999999,5,47.1,124.6,84.4,140.1,7.1,3.7,Low,Low,-0.4575396031492531,-0.18295940875108227,-0.27458019439817083,01
Kern,Asthma in Younger Adults (Age 18-39),11.959999999999999,13.780000000000001,5,16.2,192.6,16.0,351.2,3.9,2.5,High,Low,-0.7164878267646568,0.4493107857437644,-1.1657986125084212,00
Kern,COPD or Asthma in Older Adults (Age 40+),151.84,169.12,5,169.9,156.1,134.7,232.4,4.0,3.9,High,Low,-0.1904686934605229,0.10993046075755993,-0.30039915421808283,00
Kern,Community-Acquired Pneumonia,115.94000000000001,117.35999999999999,5,114.8,83.2,88.5,133.3,4.1,4.5,High,Low,-0.32547074440146084,-0.5679003801052976,0.2424296357038368,01
Kern,Diabetes Composite,224.2,286.78000000000003,5,305.0,89.5,223.4,147.8,5.0,5.6,High,Low,0.08164128999591921,-0.5093224062035693,0.5909636961994885,11
Kern,Heart Failure,331.76,337.41999999999996,5,333.4,99.7,353.7,161.2,4.4,4.9,Low,Low,0.48612097242509167,-0.4144818770293422,0.9006028494544338,11
Kern,Hypertension,35.42,42.3,5,38.4,99.9,49.0,161.5,2.9,3.0,Low,Low,-0.6282664308015814,-0.4126222588102397,-0.21564417199134173,01
Kern,Urinary Tract Infection,88.1,80.46000000000001,5,81.5,92.2,84.4,140.1,4.0,3.7,Low,Low,-0.4301631426798931,-0.4842175602456856,0.05405441756579249,01
Kings,Asthma in Younger Adults (Age 18-39),21.275000000000002,18.725,5,18.9,139.8,16.0,351.2,4.2,2.5,High,Low,-0.6814587430734357,-0.041628424099292856,-0.6398303189741428,01
Kings,COPD or Asthma in Older Adults (Age 40+),189.12,159.38,5,132.0,125.0,134.7,232.4,5.1,3.9,Low,Low,-0.05027714863940398,-0.17924017231287723,0.12896302367347323,01
Kings,Community-Acquired Pneumonia,107.2,89.74000000000001,5,90.2,64.8,88.5,133.3,5.3,4.5,High,Low,-0.35833753897593995,-0.7389852562627268,0.38064771728678687,01
Kings,Diabetes Composite,214.88000000000002,237.48000000000002,5,229.5,68.4,223.4,147.8,7.0,5.6,High,Low,0.04659340379063962,-0.7055121283188819,0.7521055321095215,11
Kings,Heart Failure,366.15999999999997,304.24,5,333.2,73.7,353.7,161.2,5.1,4.9,Low,Low,0.6154822691484416,-0.6562322455126659,1.2717145146611075,11
Kings,Hypertension,37.9,36.14,5,36.6,74.8,49.0,161.5,3.6,3.0,Low,Low,-0.6189403838285027,-0.6460043453076023,0.02706396147909962,01
Kings,Urinary Tract Infection,88.8,66.47999999999999,5,50.0,72.4,84.4,140.1,4.5,3.7,Low,Low,-0.42753079071168537,-0.6683197639368321,0.24078897322514675,01
Lake,Asthma in Younger Adults (Age 18-39),14.05,12.4,5,6.3,158.7,16.0,351.2,3.0,2.5,Low,Low,-0.7086283758881509,0.13410549760589224,-0.842733873494043,00
Lake,COPD or Asthma in Older Adults (Age 40+),206.68,236.74,5,258.2,67.4,134.7,232.4,4.4,3.9,High,Low,0.015757280734492164,-0.7148102194143944,0.7305675001488865,11
Lake,Community-Acquired Pneumonia,99.0,137.78,5,149.1,47.3,88.5,133.3,4.5,4.5,High,Low,-0.38917366203208736,-0.9017018504341947,0.5125281884021073,01
Lake,Diabetes Composite,189.82,256.02,5,279.4,46.6,223.4,147.8,5.7,5.6,High,Low,-0.04764479667119632,-0.9082105142010535,0.8605657175298571,01
Lake,Heart Failure,274.38,403.18,5,439.8,69.3,353.7,161.2,4.6,4.9,High,Low,0.2703433210882944,-0.6971438463329208,0.9674871674212152,11
Lake,Hypertension,19.66,27.060000000000002,5,28.3,66.2,49.0,161.5,2.7,3.0,Low,Low,-0.687531955114372,-0.7259679287290093,0.03843597361463724,01
Lake,Urinary Tract Infection,90.48,119.38,5,152.9,52.2,84.4,140.1,3.8,3.7,High,Low,-0.4212131459879868,-0.8561412040661837,0.43492805807819684,01
Lassen,Asthma in Younger Adults (Age 18-39),36.0,27.85,5,10.4,95.5,16.0,351.2,7.0,2.5,Low,Low,-0.6260853391707808,-0.45353385963049453,-0.17255147954028627,01
Lassen,COPD or Asthma in Older Adults (Age 40+),185.54000000000002,192.14000000000001,5,230.8,65.9,134.7,232.4,4.7,3.9,High,Low,-0.06373974870538048,-0.728757356057663,0.6650176073522825,01
Lassen,Community-Acquired Pneumonia,150.07999999999998,161.16,5,170.7,39.0,88.5,133.3,4.5,4.5,High,Low,-0.19708717840915949,-0.978876006526948,0.7817888281177885,01
Lassen,Diabetes Composite,72.16,91.0,5,102.4,39.0,223.4,147.8,7.7,5.6,Low,Low,-0.4901055574987942,-0.978876006526948,0.48877044902815375,01
Lassen,Heart Failure,152.42000000000002,171.8,5,162.1,39.0,353.7,161.2,4.5,4.9,Low,Low,-0.18828760182972218,-0.978876006526948,0.7905884046972258,01
Lassen,Hypertension,4.1,4.8,5,4.3,39.0,49.0,161.5,4.0,3.0,Low,Low,-0.7460453788648176,-0.978876006526948,0.23283062766213036,01
Lassen,Urinary Tract Infection,105.46,101.02000000000001,5,110.9,47.2,84.4,140.1,3.9,3.7,High,Low,-0.364880813868342,-0.9026316595437459,0.5377508456754039,01
Los Angeles,Asthma in Younger Adults (Age 18-39),17.78,16.0,5,18.3,348.3,16.0,351.2,2.5,2.5,High,Low,-0.6946017004004156,1.897023569315053,-2.5916252697154687,00
Los Angeles,COPD or Asthma in Older Adults (Age 40+),165.92000000000002,127.44000000000001,5,142.3,234.7,134.7,232.4,4.0,3.9,High,High,-0.13752081387143072,0.8407604208648385,-0.9782812347362693,00
Los Angeles,Community-Acquired Pneumonia,89.02000000000001,71.03999999999999,5,81.4,135.4,88.5,133.3,4.8,4.5,Low,High,-0.4267034800931057,-0.08254002491954769,-0.344163455173558,01
Los Angeles,Diabetes Composite,221.56,218.85999999999999,5,238.6,151.1,223.4,147.8,5.5,5.6,High,High,0.07171356257296449,0.06344000527999767,0.008273557292966818,10
Los Angeles,Heart Failure,362.94,337.04,5,376.9,160.6,353.7,161.2,4.9,4.9,High,Low,0.6033734500946863,0.15177187068736595,0.4516015794073204,10
Los Angeles,Hypertension,55.8,52.220000000000006,5,59.3,160.6,49.0,161.5,2.9,3.0,High,Low,-0.55162738349862,0.15177187068736595,-0.7033992541859859,00
Los Angeles,Urinary Tract Infection,99.42,82.28,5,89.0,139.7,84.4,140.1,3.5,3.7,High,Low,-0.3875942508511627,-0.04255823320884432,-0.3450360176423184,01
Madera,Asthma in Younger Adults (Age 18-39),10.775,11.975,5,22.5,109.9,16.0,351.2,3.5,2.5,High,Low,-0.7209440225965512,-0.31964134785511517,-0.40130267474143605,01
Madera,COPD or Asthma in Older Adults (Age 40+),186.45999999999998,195.12,5,251.2,76.6,134.7,232.4,5.0,3.9,High,Low,-0.060280086118593354,-0.62926778133568,0.5689876952170866,01
Madera,Community-Acquired Pneumonia,105.25999999999999,112.94000000000001,5,140.4,45.5,88.5,133.3,5.1,4.5,High,Low,-0.3656329144306871,-0.9184384144061171,0.5528054999754299,01
Madera,Diabetes Composite,207.1,258.36,5,294.3,50.0,223.4,147.8,6.6,5.6,High,Low,0.017336691915416737,-0.8765970044763111,0.8939336963917278,11
Madera,Heart Failure,315.28000000000003,326.12,5,368.2,56.4,353.7,161.2,4.9,4.9,High,Low,0.424147886087859,-0.8170892214650313,1.2412371075528903,11
Madera,Hypertension,35.8,41.8,5,59.7,58.4,49.0,161.5,2.7,3.0,High,Low,-0.6268374397331258,-0.7984930392740064,0.1716555995408806,01
Madera,Urinary Tract Infection,105.02000000000001,103.55999999999999,5,114.3,49.8,84.4,140.1,3.4,3.7,High,Low,-0.3665354351055011,-0.8784566226954136,0.5119211875899126,01
Marin,Asthma in Younger Adults (Age 18-39),7.65,4.65,5,9.4,830.9,16.0,351.2,2.2,2.5,Low,High,-0.7326955938831928,6.384282332009361,-7.116977925892554,00
Marin,COPD or Asthma in Older Adults (Age 40+),96.38,60.56,5,58.9,296.5,134.7,232.4,4.1,3.9,Low,High,-0.39902617939880763,1.415382450567508,-1.8144086299663158,00
Marin,Community-Acquired Pneumonia,59.9,52.8,5,56.3,184.6,88.5,133.3,4.1,4.5,Low,High,-0.5362093219705463,0.3749260569796648,-0.911135378950211,00
Marin,Diabetes Composite,116.97999999999999,83.64,5,87.8,193.8,223.4,147.8,5.5,5.6,Low,High,-0.32155982147726664,0.4604684950583795,-0.7820283165356461,00
Marin,Heart Failure,223.78000000000003,219.56,5,246.9,229.3,353.7,161.2,4.8,4.9,Low,High,0.08006187881499476,0.7905507289490715,-0.7104888501340768,10
Marin,Hypertension,24.1,18.44,5,25.7,229.2,49.0,161.5,3.5,3.0,Low,High,-0.6708353226303118,0.78962091983952,-1.4604562424698317,00
Marin,Urinary Tract Infection,49.72,52.2,5,56.3,195.0,84.4,140.1,3.5,3.7,Low,High,-0.5744912405939098,0.4716262043729943,-1.046117444966904,00
Mariposa,Asthma in Younger Adults (Age 18-39),21.35,20.424999999999997,5,54.8,160.2,16.0,351.2,1.5,2.5,High,Low,-0.6811767053625564,0.14805263424916093,-0.8292293396117173,00
Mariposa,COPD or Asthma in Older Adults (Age 40+),263.7,258.26,5,214.9,57.1,134.7,232.4,3.5,3.9,High,Low,0.23018115105906828,-0.8105805576981727,1.040761708757241,11
Mariposa,Community-Acquired Pneumonia,97.6,132.38,5,201.7,42.1,88.5,133.3,4.2,4.5,High,Low,-0.3944383659685028,-0.9500519241308595,0.5556135581623567,01
Mariposa,Diabetes Composite,153.07999999999998,184.78,5,223.3,42.1,223.4,147.8,6.1,5.6,Low,Low,-0.1858056699739836,-0.9500519241308595,0.7642462541568759,01
Mariposa,Heart Failure,284.46,424.88,5,446.6,63.5,353.7,161.2,4.5,4.9,High,Low,0.3082491894304853,-0.7510727746868929,1.0593219641173781,11
Mariposa,Hypertension,17.32,22.8,5,36.0,63.5,49.0,161.5,1.8,3.0,Low,Low,-0.6963315316938092,-0.7510727746868929,0.054741242993083694,01
Mariposa,Urinary Tract Infection,110.35999999999999,149.38,5,194.5,42.1,84.4,140.1,4.6,3.7,High,Low,-0.3464543500908881,-0.9500519241308595,0.6035975740399714,01
Mendocino,Asthma in Younger Adults (Age 18-39),7.5,6.875,5,4.8,318.5,16.0,351.2,0.0,2.5,Low,Low,-0.7332596693049516,1.619940454668782,-2.3532001239737337,00
Mendocino,COPD or Asthma in Older Adults (Age 40+),89.22,97.12,5,88.4,133.3,134.7,232.4,3.2,3.9,Low,Low,-0.42595137953076073,-0.10206601622012379,-0.32388536331063694,01
Mendocino,Community-Acquired Pneumonia,102.97999999999999,140.6,5,144.5,90.5,88.5,133.3,4.1,4.5,High,Low,-0.37420686084142074,-0.5000243151080568,0.12581745426663604,01
Mendocino,Diabetes Composite,149.52,196.7,5,195.5,99.6,223.4,147.8,5.5,5.6,Low,Low,-0.19919305998372555,-0.4154116861388935,0.21621862615516796,01
Mendocino,Heart Failure,246.11999999999998,341.88,5,429.3,128.2,353.7,161.2,4.6,4.9,High,Low,0.16407151162893757,-0.1494862808072375,0.3135577924361751,11
Mendocino,Hypertension,20.64,26.96,5,39.7,130.0,49.0,161.5,3.3,3.0,Low,Low,-0.6838466623588814,-0.13274971683531497,-0.5510969455235664,01
Mendocino,Urinary Tract Infection,75.28,95.88,5,75.1,101.8,84.4,140.1,3.4,3.7,Low,Low,-0.4783727887262113,-0.3949558857287661,-0.0834169029974452,01
Merced,Asthma in Younger Adults (Age 18-39),14.0,14.2,5,15.8,113.3,16.0,351.2,2.7,2.5,Low,Low,-0.7088164010287372,-0.2880278381303729,-0.4207885628983643,01
Merced,COPD or Asthma in Older Adults (Age 40+),190.02,186.74,5,173.6,94.3,134.7,232.4,3.7,3.9,High,Low,-0.046892696108851196,-0.4646915689451095,0.4177988728362583,01
Merced,Community-Acquired Pneumonia,145.44,136.2,5,149.3,52.0,88.5,133.3,4.4,4.5,High,Low,-0.21453591145556478,-0.8580008222852862,0.6434649108297215,01
Merced,Diabetes Composite,278.12,334.3,5,331.1,57.0,223.4,147.8,5.9,5.6,High,Low,0.284407601604147,-0.8115103668077239,1.095917968411871,11
Merced,Heart Failure,450.43999999999994,435.76000000000005,5,455.9,57.8,353.7,161.2,4.7,4.9,High,Low,0.9324174461206493,-0.804071893931314,1.7364893400519632,11
Merced,Hypertension,51.08,56.839999999999996,5,49.8,60.3,49.0,161.5,2.6,3.0,High,Low,-0.5693769567699635,-0.7808266661925328,0.21144970942256935,01
Merced,Urinary Tract Infection,90.96000000000001,81.88,5,87.1,57.6,84.4,140.1,3.7,3.7,High,Low,-0.41940810463835865,-0.8059315121504165,0.3865234075120578,01
Modoc,Asthma in Younger Adults (Age 18-39),8.68,11.08,5,0.0,572.8,16.0,351.2,0.0,2.5,Low,High,-0.7288222759871157,3.984445020257598,-4.713267296244713,00
Modoc,COPD or Asthma in Older Adults (Age 40+),170.48,248.56,5,388.7,196.0,134.7,232.4,4.1,3.9,High,Low,-0.12037292104996349,0.4809242954685068,-0.6012972165184702,00
Modoc,Community-Acquired Pneumonia,168.54000000000002,296.12,5,318.6,146.1,88.5,133.3,4.0,4.5,High,High,-0.12766829650471043,0.01694954980243542,-0.14461784630714586,00
Modoc,Diabetes Composite,84.66,134.8,5,57.9,146.1,223.4,147.8,2.5,5.6,Low,Low,-0.44309927235222807,0.01694954980243542,-0.4600488221546635,00
Modoc,Heart Failure,110.02000000000001,207.0,5,159.3,197.2,353.7,161.2,4.7,4.9,Low,High,-0.3477329210468746,0.4920820047831216,-0.8398149258299962,00
Modoc,Hypertension,15.219999999999999,25.839999999999996,5,14.5,197.2,49.0,161.5,3.0,3.0,Low,High,-0.7042285875984323,0.4920820047831216,-1.196310592381554,00
Modoc,Urinary Tract Infection,115.35999999999999,196.08,5,318.6,146.1,84.4,140.1,4.9,3.7,High,High,-0.3276518360322616,0.01694954980243542,-0.344601385834697,00
Mono,Asthma in Younger Adults (Age 18-39),21.02,14.84,5,25.6,344.5,16.0,351.2,5.0,2.5,High,Low,-0.6824176712904256,1.8616908231521057,-2.5441084944425314,00
Mono,COPD or Asthma in Older Adults (Age 40+),63.8,40.225,5,14.5,194.6,134.7,232.4,2.0,3.9,Low,Low,-0.5215433610048176,0.46790696793478925,-0.9894503289396068,00
Mono,Community-Acquired Pneumonia,50.519999999999996,38.739999999999995,5,46.3,97.6,88.5,133.3,4.4,4.5,Low,Low,-0.5714828383445296,-0.43400786832991844,-0.13747497001461118,01
Mono,Diabetes Composite,111.3,96.02000000000001,5,64.8,83.3,223.4,147.8,3.7,5.6,Low,Low,-0.34291947744786627,-0.5669705709957464,0.22405109354788016,01
Mono,Heart Failure,103.2,84.64,5,64.8,178.6,353.7,161.2,3.9,4.9,Low,High,-0.37337955022284114,0.31913751040659005,-0.6925170606294312,00
Mono,Hypertension,5.14,3.7,5,18.5,178.6,49.0,161.5,2.0,3.0,Low,High,-0.7421344559406233,0.31913751040659005,-1.0612719663472134,00
Mono,Urinary Tract Infection,72.1,51.64,5,64.8,109.4,84.4,140.1,2.4,3.7,Low,Low,-0.4903311876674977,-0.3242903934028714,-0.1660407942646263,01
Monterey,Asthma in Younger Adults (Age 18-39),23.700000000000003,20.46,5,24.1,292.1,16.0,351.2,2.4,2.5,High,Low,-0.6723395237550019,1.3744708497472535,-2.0468103735022556,00
Monterey,COPD or Asthma in Older Adults (Age 40+),151.28,125.24000000000001,5,132.1,197.3,134.7,232.4,3.3,3.9,Low,Low,-0.19257457503508907,0.49301181389267307,-0.6855863889277621,00
Monterey,Community-Acquired Pneumonia,101.12,89.22,5,109.0,115.6,88.5,133.3,4.2,4.5,High,Low,-0.3812013960712297,-0.2666422286106943,-0.1145591674605354,01
Monterey,Diabetes Composite,234.21999999999997,215.24,5,242.0,127.0,223.4,147.8,5.2,5.6,High,Low,0.11932152816940658,-0.16064399012185232,0.27996551829125893,11
Monterey,Heart Failure,394.65999999999997,329.94,5,374.1,143.1,353.7,161.2,4.5,4.9,High,Low,0.7226565992826125,-0.01094472348410193,0.7336013227667144,11
Monterey,Hypertension,51.86,45.58,5,49.5,141.4,49.0,161.5,2.5,3.0,High,Low,-0.5664437645768176,-0.02675147834647299,-0.5396922862303446,01
Monterey,Urinary Tract Infection,132.76,111.38,5,125.2,122.2,84.4,140.1,3.7,3.7,High,Low,-0.2622190871082415,-0.20527482738031208,-0.05694425972792941,01
Napa,Asthma in Younger Adults (Age 18-39),8.899999999999999,6.2250000000000005,5,11.3,415.1,16.0,351.2,1.8,2.5,Low,High,-0.7279949653685361,2.518136054495285,-3.246131019863821,00
Napa,COPD or Asthma in Older Adults (Age 40+),104.52000000000001,70.72,5,80.0,202.0,134.7,232.4,3.5,3.9,Low,Low,-0.3684156865113637,0.5367128420415814,-0.9051285285529451,00
Napa,Community-Acquired Pneumonia,71.1,62.220000000000006,5,70.5,128.1,88.5,133.3,3.2,4.5,Low,Low,-0.494091690479223,-0.1504160899167887,-0.3436756005624343,01
Napa,Diabetes Composite,213.35999999999999,160.6,5,196.6,147.4,223.4,147.8,4.5,5.6,Low,Low,0.040877439516817035,0.029037068226601712,0.011840371290215323,10
Napa,Heart Failure,276.54,264.04,5,295.8,163.3,353.7,161.2,4.1,4.9,Low,High,0.2784660071616211,0.17687671664524973,0.10158929051637139,10
Napa,Hypertension,28.120000000000005,20.22,5,18.5,166.6,49.0,161.5,1.9,3.0,Low,High,-0.6557181013271761,0.20756041726044067,-0.8632785185876168,00
Napa,Urinary Tract Infection,61.54,59.04,5,58.4,146.5,84.4,140.1,2.6,3.7,Low,High,-0.5300420973593168,0.020668786240640453,-0.5507108835999573,00
Nevada,Asthma in Younger Adults (Age 18-39),10.125,6.9,5,0.0,451.1,16.0,351.2,0.0,2.5,Low,High,-0.7233883494241727,2.852867333933733,-3.5762556833579056,00
Nevada,COPD or Asthma in Older Adults (Age 40+),102.12,80.92,5,58.3,151.9,134.7,232.4,3.1,3.9,Low,Low,-0.3774408932595044,0.07087847815640774,-0.44831937141591216,00
Nevada,Community-Acquired Pneumonia,87.97999999999999,99.72,5,96.6,101.1,88.5,133.3,3.8,4.5,High,Low,-0.43061440301730014,-0.4014645494956249,-0.029149853521675262,01
Nevada,Diabetes Composite,158.02,157.28,5,203.8,112.8,223.4,147.8,5.1,5.6,Low,Low,-0.16722878608406055,-0.29267688367812916,0.1254480975940686,01
Nevada,Heart Failure,260.96,322.56,5,324.0,144.7,353.7,161.2,4.5,4.9,Low,Low,0.21987737335494092,0.0039322222687179385,0.21594515108622298,10
Nevada,Hypertension,29.119999999999997,28.880000000000003,5,35.3,142.8,49.0,161.5,2.7,3.0,Low,Low,-0.6519575985154508,-0.013734150812755508,-0.6382234477026952,01
Nevada,Urinary Tract Infection,67.36,80.25999999999999,5,84.8,119.6,84.4,140.1,2.9,3.7,High,Low,-0.5081559709950756,-0.22944986422864452,-0.27870610676643104,01
Orange,Asthma in Younger Adults (Age 18-39),11.74,8.76,5,10.2,431.6,16.0,351.2,2.7,2.5,Low,High,-0.7173151373832364,2.6715545575712403,-3.3888696949544768,00
Orange,COPD or Asthma in Older Adults (Age 40+),110.35999999999999,75.67999999999999,5,83.5,260.4,134.7,232.4,4.0,3.9,Low,High,-0.3464543500908881,1.0797213620195083,-1.4261757121103964,00
Orange,Community-Acquired Pneumonia,79.12,61.660000000000004,5,72.5,152.3,88.5,133.3,4.3,4.5,Low,High,-0.46393245792918614,0.07459771459461277,-0.5385301725237989,00
Orange,Diabetes Composite,201.06,161.02,5,182.3,168.1,223.4,147.8,5.4,5.6,Low,High,-0.005376745067403999,0.22150755390370933,-0.2268842989711133,00
Orange,Heart Failure,270.43999999999994,224.21999999999997,5,250.6,178.1,353.7,161.2,4.8,4.9,Low,High,0.25552694001009657,0.31448846485883386,-0.05896152484873729,10
Orange,Hypertension,41.339999999999996,29.68,5,32.7,177.6,49.0,161.5,2.8,3.0,Low,High,-0.6060042541561677,0.3098394193110776,-0.9158436734672453,00
Orange,Urinary Tract Infection,82.2,65.6,5,76.7,160.5,84.4,140.1,3.5,3.7,Low,High,-0.45235010926907226,0.15084206157781477,-0.603192170846887,00
Placer,Asthma in Younger Adults (Age 18-39),20.06,11.940000000000001,5,14.3,581.8,16.0,351.2,2.9,2.5,Low,High,-0.686027753989682,4.06812784011721,-4.7541555941068925,00
Placer,COPD or Asthma in Older Adults (Age 40+),142.82,83.14,5,87.3,267.1,134.7,232.4,3.5,3.9,Low,High,-0.22438842882228507,1.1420185723594423,-1.3664070011817273,00
Placer,Community-Acquired Pneumonia,93.03999999999999,70.46000000000001,5,85.4,175.8,88.5,133.3,3.8,4.5,Low,High,-0.4115862587899701,0.29310285533915537,-0.7046891141291255,00
Placer,Diabetes Composite,209.21999999999997,136.32,5,154.9,198.3,223.4,147.8,5.6,5.6,Low,High,0.02530895787627427,0.5023099049881855,-0.4770009471119112,10
Placer,Heart Failure,318.9,269.7,5,299.9,232.2,353.7,161.2,4.8,4.9,Low,High,0.4377609062663044,0.8175151931260574,-0.379754286859753,10
Placer,Hypertension,38.019999999999996,26.78,5,34.9,233.7,49.0,161.5,2.8,3.0,Low,High,-0.6184891234910957,0.8314623297693261,-1.4499514532604219,00
Placer,Urinary Tract Infection,70.72,67.44,5,78.5,195.7,84.4,140.1,3.8,3.7,Low,High,-0.49552068154767864,0.4781348681398529,-0.9736555496875315,00
Plumas,Asthma in Younger Adults (Age 18-39),17.439999999999998,15.419999999999998,5,26.7,427.4,16.0,351.2,2.0,2.5,High,High,-0.6958802713564022,2.6325025749700877,-3.3283828463264897,00
Plumas,COPD or Asthma in Older Adults (Age 40+),169.38,163.82,5,189.4,132.0,134.7,232.4,2.8,3.9,High,Low,-0.12450947414286129,-0.11415353464429008,-0.010355939498571207,01
Plumas,Community-Acquired Pneumonia,141.07999999999998,186.5,5,207.6,100.9,88.5,133.3,2.3,4.5,High,Low,-0.2309317037146871,-0.40332416771472723,0.17239246400004013,01
Plumas,Diabetes Composite,93.46000000000001,111.96,5,113.2,100.9,223.4,147.8,5.5,5.6,Low,Low,-0.41000684760904543,-0.40332416771472723,-0.0066826798943182,01
Plumas,Heart Failure,110.67999999999999,160.72,5,251.6,144.0,353.7,161.2,3.4,4.9,Low,Low,-0.34525098919113595,-0.0025764414981406716,-0.34267454769299527,01
Plumas,Hypertension,8.059999999999999,9.919999999999998,5,6.3,144.0,49.0,161.5,5.0,3.0,Low,Low,-0.7311537877303854,-0.0025764414981406716,-0.7285773462322448,01
Plumas,Urinary Tract Infection,113.42,141.92000000000002,5,213.9,100.9,84.4,140.1,3.0,3.7,High,Low,-0.3349472114870086,-0.40332416771472723,0.06837695622771861,01
Riverside,Asthma in Younger Adults (Age 18-39),17.82,15.98,5,16.4,245.9,16.0,351.2,2.5,2.5,High,Low,-0.6944512802879467,0.9448990411345781,-1.639350321422525,00
Riverside,COPD or Asthma in Older Adults (Age 40+),144.4,115.34,5,122.7,160.8,134.7,232.4,3.5,3.9,Low,Low,-0.21844683437975906,0.1536314889064686,-0.3720783232862277,00
Riverside,Community-Acquired Pneumonia,111.05999999999999,94.34,5,104.0,93.0,88.5,133.3,4.3,4.5,High,Low,-0.3438219981226804,-0.47677908736927566,0.13295708924659527,01
Riverside,Diabetes Composite,257.62,237.38000000000002,5,251.2,103.7,223.4,147.8,5.3,5.6,High,Low,0.20731729396377854,-0.37728951264729244,0.584606806611071,11
Riverside,Heart Failure,383.74,322.18,5,353.2,114.2,353.7,161.2,4.4,4.9,Low,Low,0.6815919085785724,-0.2796595561444117,0.9612514647229842,11
Riverside,Hypertension,57.42,51.36,5,61.1,115.3,49.0,161.5,2.6,3.0,High,Low,-0.545535368943625,-0.26943165593934804,-0.27610371300427694,01
Riverside,Urinary Tract Infection,97.66,81.22,5,88.0,97.8,84.4,140.1,3.7,3.7,High,Low,-0.39421273579979926,-0.4321482501108159,0.03793551431101666,01
Sacramento,Asthma in Younger Adults (Age 18-39),22.72,21.560000000000002,5,24.6,409.4,16.0,351.2,2.2,2.5,High,High,-0.6760248165104926,2.4651369352508636,-3.141161751761356,00
Sacramento,COPD or Asthma in Older Adults (Age 40+),196.2,179.6,5,210.4,272.7,134.7,232.4,3.9,3.9,High,High,-0.02365278873238897,1.1940878824943115,-1.2177406712267005,00
Sacramento,Community-Acquired Pneumonia,73.2,67.14,5,81.4,149.5,88.5,133.3,4.3,4.5,Low,High,-0.48619463457459994,0.04856305952717781,-0.5347576941017778,00
Sacramento,Diabetes Composite,226.5,225.82,5,238.7,166.2,223.4,147.8,5.5,5.6,High,High,0.09029044646288743,0.20384118082223562,-0.11355073435934819,10
Sacramento,Heart Failure,458.26000000000005,422.56000000000006,5,474.2,185.4,353.7,161.2,5.0,4.9,High,High,0.9618245781083414,0.38236452985607483,0.5794600482522666,10
Sacramento,Hypertension,51.779999999999994,50.12,5,55.0,186.6,49.0,161.5,2.9,3.0,High,High,-0.5667446048017557,0.3935222391706897,-0.9602668439724453,00
Sacramento,Urinary Tract Infection,81.9,73.58,5,81.4,160.6,84.4,140.1,4.0,3.7,Low,High,-0.45347826011258985,0.15177187068736595,-0.6052501307999558,00
San Benito,Asthma in Younger Adults (Age 18-39),10.525,7.45,5,14.8,59.7,16.0,351.2,2.0,2.5,Low,Low,-0.7218841482994826,-0.7864055208498403,0.06452137255035773,01
San Benito,COPD or Asthma in Older Adults (Age 40+),163.88,97.38,5,84.3,39.3,134.7,232.4,2.1,3.9,Low,Low,-0.1451922396073504,-0.9760865791982943,0.8308943395909439,01
San Benito,Community-Acquired Pneumonia,96.36,60.620000000000005,5,64.5,23.7,88.5,133.3,3.4,4.5,Low,Low,-0.39910138945504214,-1.1211368002882884,0.7220354108332463,01
San Benito,Diabetes Composite,286.82,194.9,5,205.3,32.8,223.4,147.8,4.7,5.6,Low,Low,0.31712397606615705,-1.036524171319125,1.3536481473852822,11
San Benito,Heart Failure,340.74,234.92,5,285.5,38.6,353.7,161.2,4.3,4.9,Low,Low,0.5198902876743848,-0.982595242965153,1.5024855306395377,11
San Benito,Hypertension,45.720000000000006,27.32,5,25.4,40.6,49.0,161.5,1.8,3.0,Low,Low,-0.589533251840811,-0.9639990607741281,0.37446580893331716,01
San Benito,Urinary Tract Infection,139.35999999999999,95.78,5,86.0,32.5,84.4,140.1,3.0,3.7,High,Low,-0.2373997685508546,-1.0393135986477788,0.8019138300969242,01
San Bernardino,Asthma in Younger Adults (Age 18-39),19.64,18.619999999999997,5,24.3,262.5,16.0,351.2,2.5,2.5,High,Low,-0.6876071651706066,1.0992473533200848,-1.7868545184906914,00
San Bernardino,COPD or Asthma in Older Adults (Age 40+),150.3,132.33999999999997,5,150.2,200.5,134.7,232.4,3.6,3.9,High,Low,-0.1962598677905798,0.5227657053983128,-0.7190255731888926,00
San Bernardino,Community-Acquired Pneumonia,124.58000000000001,105.54,5,123.8,107.6,88.5,133.3,4.4,4.5,High,Low,-0.29298000010815434,-0.34102695737479394,0.0480469572666396,01
San Bernardino,Diabetes Composite,274.52,288.98,5,312.0,120.0,223.4,147.8,5.6,5.6,High,Low,0.2708697914819359,-0.22573062779043948,0.4966004192723754,11
San Bernardino,Heart Failure,421.48,349.64,5,380.1,131.7,353.7,161.2,4.4,4.9,High,Low,0.823513284693085,-0.11694296197294392,0.940456246666029,11
San Bernardino,Hypertension,64.44,62.8,5,80.2,132.7,49.0,161.5,2.8,3.0,High,Low,-0.5191366392053135,-0.10764487087743146,-0.41149176832788203,01
San Bernardino,Urinary Tract Infection,107.74000000000001,86.36,5,102.1,114.7,84.4,140.1,3.7,3.7,High,Low,-0.35630686745760826,-0.27501051059665543,-0.08129635686095282,01
San Diego,Asthma in Younger Adults (Age 18-39),17.24,13.24,5,13.3,373.8,16.0,351.2,2.3,2.5,Low,High,-0.6966323719187473,2.1341248922506204,-2.8307572641693675,00
San Diego,COPD or Asthma in Older Adults (Age 40+),172.3,127.26000000000002,5,131.8,271.5,134.7,232.4,3.6,3.9,Low,High,-0.11352880593262338,1.1829301731796968,-1.2964589791123202,00
San Diego,Community-Acquired Pneumonia,81.42,64.32000000000001,5,74.2,151.9,88.5,133.3,4.1,4.5,Low,High,-0.455283301462218,0.07087847815640774,-0.5261617796186258,00
San Diego,Diabetes Composite,234.7,194.98,5,205.5,165.8,223.4,147.8,5.6,5.6,Low,High,0.12112656951903479,0.20012194438403086,-0.07899537486499607,10
San Diego,Heart Failure,368.38,288.7,5,312.1,189.6,353.7,161.2,4.8,4.9,Low,High,0.6238305853904719,0.421416512457227,0.20241407293324487,10
San Diego,Hypertension,48.42,37.339999999999996,5,41.1,188.7,49.0,161.5,2.8,3.0,Low,High,-0.5793798942491526,0.41304823047126576,-0.9924281247204183,00
San Diego,Urinary Tract Infection,99.32000000000001,79.72,5,82.5,156.7,84.4,140.1,3.4,3.7,Low,High,-0.3879703011323352,0.11550931541486735,-0.5034796165472025,00
San Francisco,Asthma in Younger Adults (Age 18-39),13.3,11.26,5,17.5,724.8,16.0,351.2,1.6,2.5,High,High,-0.7114487529969449,5.39775486677549,-6.109203619772435,00
San Francisco,COPD or Asthma in Older Adults (Age 40+),194.78,150.02,5,163.0,519.6,134.7,232.4,4.1,3.9,High,High,-0.02899270272503884,3.489786573976336,-3.5187792767013746,00
San Francisco,Community-Acquired Pneumonia,58.720000000000006,50.8,5,63.8,303.5,88.5,133.3,4.0,4.5,Low,High,-0.5406467152883822,1.4804690882360951,-2.021115803524477,00
San Francisco,Diabetes Composite,155.9,136.26,5,155.2,355.2,223.4,147.8,6.8,5.6,Low,High,-0.1752010520449182,1.9611803978740887,-2.136381449919007,00
San Francisco,Heart Failure,380.12,327.18,5,356.0,344.6,353.7,161.2,6.0,4.9,High,High,0.6679788884001269,1.8626206322616572,-1.1946417438615304,10
San Francisco,Hypertension,40.04,34.379999999999995,5,41.8,345.0,49.0,161.5,3.1,3.0,Low,High,-0.6108929078114106,1.866339868699862,-2.4772327765112725,00
San Francisco,Urinary Tract Infection,59.17999999999999,53.879999999999995,5,65.4,289.5,84.4,140.1,3.8,3.7,Low,High,-0.5389168839949885,1.3502958128989209,-1.8892126968939094,00
San Joaquin,Asthma in Younger Adults (Age 18-39),16.04,15.02,5,14.9,250.8,16.0,351.2,2.8,2.5,Low,Low,-0.7011449752928176,0.9904596875025892,-1.6916046627954069,00
San Joaquin,COPD or Asthma in Older Adults (Age 40+),161.52,141.4,5,142.7,173.1,134.7,232.4,3.9,3.9,High,Low,-0.15406702624302204,0.2679980093812716,-0.42206503562429365,00
San Joaquin,Community-Acquired Pneumonia,94.26,84.84,5,94.2,99.6,88.5,133.3,4.6,4.5,High,Low,-0.40699844535966523,-0.4154116861388935,0.008413240779228282,01
San Joaquin,Diabetes Composite,236.3,251.74,5,256.4,109.4,223.4,147.8,5.5,5.6,High,Low,0.12714337401779535,-0.3242903934028714,0.45143376742066676,11
San Joaquin,Heart Failure,474.18,421.41999999999996,5,465.4,115.7,353.7,161.2,4.7,4.9,High,Low,1.021691782871008,-0.265712419501143,1.287404202372151,11
San Joaquin,Hypertension,49.3,50.06,5,48.5,115.6,49.0,161.5,4.0,3.0,Low,Low,-0.5760706517748343,-0.2666422286106943,-0.30942842316414,01
San Joaquin,Urinary Tract Infection,69.92,62.120000000000005,5,72.3,106.4,84.4,140.1,3.6,3.7,Low,Low,-0.4985290837970588,-0.3521846666894088,-0.14634441710765,01
San Luis Obispo,Asthma in Younger Adults (Age 18-39),10.5,8.55,5,7.8,286.0,16.0,351.2,1.6,2.5,Low,Low,-0.7219781608697757,1.3177524940646272,-2.039730654934403,00
San Luis Obispo,COPD or Asthma in Older Adults (Age 40+),87.12,79.86,5,89.0,181.6,134.7,232.4,3.3,3.9,Low,Low,-0.4338484354353838,0.3470317836931274,-0.7808802191285112,00
San Luis Obispo,Community-Acquired Pneumonia,74.06,78.64000000000001,5,110.2,96.5,88.5,133.3,4.2,4.5,High,Low,-0.48296060215651615,-0.4442357685349821,-0.03872483362153406,01
San Luis Obispo,Diabetes Composite,144.84,139.66,5,149.2,101.3,223.4,147.8,4.8,5.6,Low,Low,-0.21679221314259994,-0.39960493127652236,0.1828127181339224,01
San Luis Obispo,Heart Failure,246.56,246.98000000000002,5,277.5,127.2,353.7,161.2,4.7,4.9,Low,Low,0.1657261328660968,-0.15878437190274983,0.32451050476884663,11
San Luis Obispo,Hypertension,21.96,20.7,5,21.9,128.2,49.0,161.5,2.6,3.0,Low,Low,-0.6788827986474039,-0.1494862808072375,-0.5293965178401664,01
San Luis Obispo,Urinary Tract Infection,73.7,73.17999999999999,5,84.9,106.9,84.4,140.1,4.4,3.7,High,Low,-0.4843143831687373,-0.34753562114165254,-0.13677876202708478,01
San Mateo,Asthma in Younger Adults (Age 18-39),11.419999999999998,6.68,5,9.6,400.4,16.0,351.2,3.0,2.5,Low,High,-0.7185184982829885,2.3814541153912514,-3.09997261367424,00
San Mateo,COPD or Asthma in Older Adults (Age 40+),109.88,62.44,5,66.5,224.8,134.7,232.4,3.8,3.9,Low,Low,-0.3482593914405162,0.7487093190192654,-1.0969687104597816,00
San Mateo,Community-Acquired Pneumonia,60.42,41.88,5,60.0,140.2,88.5,133.3,4.2,4.5,Low,High,-0.534253860508449,-0.03790918766108809,-0.49634467284736095,01
San Mateo,Diabetes Composite,180.34,113.04,5,136.9,151.6,223.4,147.8,6.0,5.6,Low,High,-0.08329436332635205,0.0680890508277539,-0.15138341415410594,00
San Mateo,Heart Failure,334.96,254.28000000000003,5,276.1,164.6,353.7,161.2,5.0,4.9,Low,High,0.4981545814226126,0.18896423506941576,0.30919034635319687,10
San Mateo,Hypertension,27.82,18.14,5,20.4,163.4,49.0,161.5,2.7,3.0,Low,High,-0.6568462521706937,0.17780652575480094,-0.8346527779254946,00
San Mateo,Urinary Tract Infection,59.239999999999995,50.2,5,53.3,149.9,84.4,140.1,3.6,3.7,Low,High,-0.5386912538262849,0.05228229596538284,-0.5909735497916677,00
Santa Barbara,Asthma in Younger Adults (Age 18-39),10.540000000000001,8.1,5,6.7,294.9,16.0,351.2,1.4,2.5,Low,Low,-0.7218277407573067,1.400505504814688,-2.1223332455719945,00
Santa Barbara,COPD or Asthma in Older Adults (Age 40+),102.3,85.56,5,84.8,231.5,134.7,232.4,3.5,3.9,Low,Low,-0.3767640027533939,0.8110065293591988,-1.1877705321125926,00
Santa Barbara,Community-Acquired Pneumonia,55.42,49.7,5,62.1,115.0,88.5,133.3,3.9,4.5,Low,Low,-0.5530563745670756,-0.27222108326800176,-0.2808352912990738,01
Santa Barbara,Diabetes Composite,164.38,148.16,5,151.5,127.5,223.4,147.8,5.3,5.6,Low,Low,-0.14331198820148774,-0.1559949445740961,0.012682956372608356,01
Santa Barbara,Heart Failure,233.14000000000001,210.32,5,221.8,148.0,353.7,161.2,4.4,4.9,Low,Low,0.11526018513274343,0.034615922883909134,0.0806442622488343,10
Santa Barbara,Hypertension,26.78,22.740000000000002,5,21.9,146.5,49.0,161.5,3.0,3.0,Low,Low,-0.660757175094888,0.020668786240640453,-0.6814259613355285,00
Santa Barbara,Urinary Tract Infection,65.3,63.220000000000006,5,75.8,125.8,84.4,140.1,3.6,3.7,Low,Low,-0.5159026067872297,-0.1718016994364673,-0.3441009073507624,01
Santa Clara,Asthma in Younger Adults (Age 18-39),15.459999999999999,8.72,5,11.8,438.2,16.0,351.2,2.7,2.5,Low,High,-0.7033260669236182,2.7329219588016223,-3.4362480257252406,00
Santa Clara,COPD or Asthma in Older Adults (Age 40+),152.5,82.9,5,89.9,308.8,134.7,232.4,4.2,3.9,Low,High,-0.1879867616047842,1.5297489710423113,-1.7177357326470954,00
Santa Clara,Community-Acquired Pneumonia,90.92,56.04,5,68.8,169.0,88.5,133.3,5.2,4.5,Low,High,-0.4195585247508277,0.2298758358896706,-0.6494343606404983,00
Santa Clara,Diabetes Composite,227.44,138.56,5,151.7,194.6,223.4,147.8,6.5,5.6,Low,High,0.0938253191059092,0.46790696793478925,-0.37408164882888006,10
Santa Clara,Heart Failure,409.06,277.3,5,308.1,201.5,353.7,161.2,5.8,4.9,Low,High,0.7768078397714568,0.5320637964938253,0.24474404327763155,10
Santa Clara,Hypertension,53.4,32.519999999999996,5,40.1,200.2,49.0,161.5,3.4,3.0,Low,High,-0.5606525902467606,0.519976278069659,-1.0806288683164196,00
Santa Clara,Urinary Tract Infection,79.2,58.160000000000004,5,65.1,175.9,84.4,140.1,4.4,3.7,Low,High,-0.46363161770424816,0.29403266444870657,-0.7576642821529547,00
Santa Cruz,Asthma in Younger Adults (Age 18-39),9.7,7.8,5,7.2,370.9,16.0,351.2,1.8,2.5,Low,High,-0.724986563119156,2.1071604280736342,-2.8321469911927903,00
Santa Cruz,COPD or Asthma in Older Adults (Age 40+),101.3,88.06,5,93.7,236.7,134.7,232.4,4.5,3.9,Low,High,-0.3805245055651192,0.8593566030558634,-1.2398811086209824,00
Santa Cruz,Community-Acquired Pneumonia,60.6,55.760000000000005,5,62.0,144.1,88.5,133.3,4.6,4.5,Low,High,-0.5335769700023386,-0.0016466323885894793,-0.5319303376137491,01
Santa Cruz,Diabetes Composite,165.35999999999999,156.84,5,163.2,148.7,223.4,147.8,5.5,5.6,Low,High,-0.139626695445997,0.04112458665076774,-0.18075128209676475,00
Santa Cruz,Heart Failure,245.82,219.16,5,278.4,165.0,353.7,161.2,4.6,4.9,Low,High,0.16294336078542004,0.1926834715076208,-0.029740110722200758,10
Santa Cruz,Hypertension,32.019999999999996,28.26,5,35.0,164.3,49.0,161.5,2.5,3.0,Low,High,-0.6410521403614475,0.18617480774076217,-0.8272269481022096,00
Santa Cruz,Urinary Tract Infection,81.67999999999999,73.14000000000001,5,91.4,157.8,84.4,140.1,3.9,3.7,High,High,-0.45430557073116945,0.12573721561993126,-0.5800427863511007,00
Shasta,Asthma in Younger Adults (Age 18-39),16.119999999999997,15.8,5,18.9,401.5,16.0,351.2,1.2,2.5,High,High,-0.7008441350678796,2.391682015596315,-3.092526150664195,00
Shasta,COPD or Asthma in Older Adults (Age 40+),208.35999999999999,206.82,5,237.3,205.1,134.7,232.4,3.5,3.9,High,Low,0.02207492545819057,0.56553692443767,-0.5434619989794794,10
Shasta,Community-Acquired Pneumonia,141.66,159.0,5,214.1,122.3,88.5,133.3,4.2,4.5,High,Low,-0.2287506120838864,-0.20434501827076088,-0.024405593813125515,01
Shasta,Diabetes Composite,225.76,266.26,5,295.3,136.3,223.4,147.8,4.4,5.6,High,Low,0.08750767438221069,-0.07417174293358643,0.1616794173157971,11
Shasta,Heart Failure,381.8,471.84,5,521.4,157.9,353.7,161.2,4.4,4.9,High,Low,0.6742965331238254,0.12666702472948244,0.547629508394343,10
Shasta,Hypertension,47.46,54.94,5,67.1,157.7,49.0,161.5,3.6,3.0,High,Low,-0.5829899769484089,0.1248074065103798,-0.7077973834587887,00
Shasta,Urinary Tract Infection,85.4,98.61999999999999,5,111.6,124.9,84.4,140.1,4.3,3.7,High,Low,-0.4403165002715513,-0.18016998142242843,-0.2601465188491229,01
Sierra,Asthma in Younger Adults (Age 18-39),0.0,0.0,5,0.0,0.0,16.0,351.2,0.0,2.5,Low,Low,-0.7614634403928913,-1.3415015592519335,0.5800381188590422,01
Sierra,COPD or Asthma in Older Adults (Age 40+),222.15,200.5,5,94.2,0.0,134.7,232.4,1.5,3.9,Low,Low,0.07393225923188243,-1.3415015592519335,1.415433818483816,11
Sierra,Community-Acquired Pneumonia,55.260000000000005,74.68,5,112.4,0.0,88.5,133.3,3.7,4.5,High,Low,-0.5536580550169516,-1.3415015592519335,0.7878435042349818,01
Sierra,Diabetes Composite,59.54,67.3,5,74.9,0.0,223.4,147.8,15.5,5.6,Low,Low,-0.5375631029827674,-1.3415015592519335,0.803938456269166,01
Sierra,Heart Failure,77.53999999999999,104.54,5,112.4,0.0,353.7,161.2,3.0,4.9,Low,Low,-0.46987405237171215,-1.3415015592519335,0.8716275068802213,01
Sierra,Hypertension,5.5,7.5,5,37.5,0.0,49.0,161.5,3.0,3.0,Low,Low,-0.7407806749284022,-1.3415015592519335,0.6007208843235313,01
Sierra,Urinary Tract Infection,63.760000000000005,82.1,5,112.4,0.0,84.4,140.1,4.7,3.7,High,Low,-0.5216937811172867,-1.3415015592519335,0.8198077781346468,01
Siskiyou,Asthma in Younger Adults (Age 18-39),5.725,5.074999999999999,5,0.0,360.7,16.0,351.2,0.0,2.5,Low,High,-0.739934561795764,2.012319898899407,-2.752254460695171,00
Siskiyou,COPD or Asthma in Older Adults (Age 40+),147.2,160.28,5,119.4,133.8,134.7,232.4,2.9,3.9,Low,Low,-0.2079174265069283,-0.09741697067236756,-0.11050045583456074,01
Siskiyou,Community-Acquired Pneumonia,127.05999999999999,194.24,5,241.0,90.1,88.5,133.3,2.6,4.5,High,Low,-0.2836539531350757,-0.5037435515462618,0.22008959841118614,01
Siskiyou,Diabetes Composite,164.12,222.26,5,264.3,90.3,223.4,147.8,3.6,5.6,High,Low,-0.14428971893253628,-0.5018839333271593,0.357594214394623,01
Siskiyou,Heart Failure,147.56,218.64000000000001,5,194.6,114.8,353.7,161.2,2.8,4.9,Low,Low,-0.20656364549470715,-0.2740807014871043,0.06751705599239713,01
Siskiyou,Hypertension,16.3,22.479999999999997,5,37.8,114.8,49.0,161.5,2.4,3.0,Low,Low,-0.700167244561769,-0.2740807014871043,-0.42608654307466476,01
Siskiyou,Urinary Tract Infection,56.54,79.42,5,81.3,105.3,84.4,140.1,3.0,3.7,Low,Low,-0.5488446114179433,-0.36241256689447254,-0.18643204452347073,01
Solano,Asthma in Younger Adults (Age 18-39),18.580000000000002,13.76,5,17.6,356.6,16.0,351.2,3.0,2.5,High,High,-0.6915932981510353,1.9741977254078065,-2.6657910235588416,00
Solano,COPD or Asthma in Older Adults (Age 40+),151.18,107.42,5,107.7,214.5,134.7,232.4,4.1,3.9,Low,Low,-0.19295062531626156,0.6529389807354871,-0.8458896060517487,00
Solano,Community-Acquired Pneumonia,101.4,79.52000000000001,5,98.4,128.6,88.5,133.3,4.3,4.5,High,Low,-0.38014845528394664,-0.14576704436903246,-0.23438141091491418,01
Solano,Diabetes Composite,237.16,190.74,5,202.5,140.5,223.4,147.8,6.3,5.6,Low,Low,0.13037740643587903,-0.03511976033243425,0.16549716676831328,11
Solano,Heart Failure,394.88,329.36,5,363.7,160.3,353.7,161.2,5.1,4.9,High,Low,0.7234839099011922,0.14898244335871239,0.5745014665424798,10
Solano,Hypertension,45.18,32.7,5,37.8,162.6,49.0,161.5,3.1,3.0,Low,High,-0.5915639233591425,0.17036805287839085,-0.7619319762375334,00
Solano,Urinary Tract Infection,75.0,60.04,5,68.8,140.1,84.4,140.1,3.9,3.7,Low,High,-0.4794257295134944,-0.03883899677063928,-0.4405867327428551,01
Sonoma,Asthma in Younger Adults (Age 18-39),11.459999999999999,8.26,5,12.5,463.2,16.0,351.2,2.0,2.5,Low,High,-0.7183680781705194,2.9653742361894335,-3.683742314359953,00
Sonoma,COPD or Asthma in Older Adults (Age 40+),155.88,110.38,5,117.2,228.3,134.7,232.4,3.5,3.9,Low,Low,-0.17527626210115274,0.781252637853559,-0.9565288999547118,00
Sonoma,Community-Acquired Pneumonia,74.8,64.05999999999999,5,73.6,146.5,88.5,133.3,3.8,4.5,Low,High,-0.4801778300758394,0.020668786240640453,-0.5008466163164799,00
Sonoma,Diabetes Composite,195.28,154.24,5,178.0,157.4,223.4,147.8,6.4,5.6,Low,High,-0.02711245131917619,0.12201797918172622,-0.1491304305009024,00
Sonoma,Heart Failure,326.98,300.9,5,362.7,178.2,353.7,161.2,4.5,4.9,High,High,0.4681457689850449,0.315418273968385,0.1527274950166599,10
Sonoma,Hypertension,36.14,26.82,5,35.0,179.0,49.0,161.5,2.5,3.0,Low,High,-0.6255588687771393,0.3228567468447951,-0.9484156156219343,00
Sonoma,Urinary Tract Infection,73.94000000000001,66.97999999999999,5,73.3,155.4,84.4,140.1,3.5,3.7,Low,High,-0.4834118624939232,0.10342179699070132,-0.5868336594846245,00
Stanislaus,Asthma in Younger Adults (Age 18-39),21.2,18.759999999999998,5,18.5,262.9,16.0,351.2,2.4,2.5,High,Low,-0.6817407807843151,1.1029665897582894,-1.7847073705426046,00
Stanislaus,COPD or Asthma in Older Adults (Age 40+),234.51999999999998,185.34,5,208.2,185.9,134.7,232.4,3.8,3.9,High,Low,0.12044967901292421,0.3870135754038311,-0.2665638963909069,10
Stanislaus,Community-Acquired Pneumonia,150.74,124.12,5,137.3,101.0,88.5,133.3,4.6,4.5,High,Low,-0.19460524655342068,-0.40239435860517603,0.20778911205175535,01
Stanislaus,Diabetes Composite,294.26000000000005,294.0,5,319.8,109.4,223.4,147.8,6.1,5.6,High,Low,0.34510211698539345,-0.3242903934028714,0.6693925103882649,11
Stanislaus,Heart Failure,506.03999999999996,454.28000000000003,5,525.9,129.8,353.7,161.2,4.8,4.9,High,Low,1.1415014024525756,-0.13460933505441736,1.2761107375069929,11
Stanislaus,Hypertension,54.220000000000006,50.94,5,62.4,134.4,49.0,161.5,2.6,3.0,High,Low,-0.5575689779411459,-0.09183811601506014,-0.46573086192608576,01
Stanislaus,Urinary Tract Infection,98.44,80.47999999999999,5,87.3,109.9,84.4,140.1,4.3,3.7,High,Low,-0.3912795436066535,-0.31964134785511517,-0.07163819575153835,01
Sutter,Asthma in Younger Adults (Age 18-39),16.65,14.75,5,14.1,231.0,16.0,351.2,5.5,2.5,Low,Low,-0.6988510685776652,0.8063574838114426,-1.505208552389108,00
Sutter,COPD or Asthma in Older Adults (Age 40+),284.5,242.7,5,251.6,144.5,134.7,232.4,5.1,3.9,High,Low,0.30839960954295437,0.002072604049615554,0.3063270054933388,10
Sutter,Community-Acquired Pneumonia,130.07999999999998,122.1,5,133.0,82.1,88.5,133.3,6.4,4.5,High,Low,-0.27229723464366534,-0.5781282803103615,0.3058310456666961,01
Sutter,Diabetes Composite,262.26,263.21999999999997,5,298.7,97.3,223.4,147.8,6.9,5.6,High,Low,0.22476602701018386,-0.43679729565857217,0.6615633226687561,11
Sutter,Heart Failure,574.48,549.64,5,582.4,89.6,353.7,161.2,6.6,4.9,High,Low,1.3988702148870547,-0.5083925970940181,1.9072628119810728,11
Sutter,Hypertension,58.44,57.239999999999995,5,43.4,91.9,49.0,161.5,3.6,3.0,Low,Low,-0.5416996560756652,-0.4870069875743393,-0.05469266850132587,01
Sutter,Urinary Tract Infection,127.78,119.97999999999999,5,123.5,87.0,84.4,140.1,4.8,3.7,High,Low,-0.2809463911106334,-0.5325676339423504,0.251621242831717,01
Tehama,Asthma in Younger Adults (Age 18-39),12.675,10.425,5,6.0,158.5,16.0,351.2,2.0,2.5,Low,Low,-0.7137990672542732,0.13224587938678986,-0.8460449466410631,00
Tehama,COPD or Asthma in Older Adults (Age 40+),181.34,164.28000000000003,5,168.3,78.2,134.7,232.4,2.9,3.9,High,Low,-0.07953386051462676,-0.6143908355828599,0.5348569750682332,01
Tehama,Community-Acquired Pneumonia,93.24,104.46,5,89.3,55.3,88.5,133.3,4.1,4.5,High,Low,-0.41083415822762503,-0.8273171216700951,0.41648296344247004,01
Tehama,Diabetes Composite,245.51999999999998,277.56,5,298.3,53.0,223.4,147.8,3.5,5.6,High,Low,0.16181520994190243,-0.8487027311897737,1.010517941131676,11
Tehama,Heart Failure,395.23999999999995,471.1,5,501.2,58.4,353.7,161.2,3.7,4.9,High,Low,0.7248376909134131,-0.7984930392740064,1.5233307301874195,11
Tehama,Hypertension,37.08,42.38,5,52.8,58.4,49.0,161.5,2.2,3.0,High,Low,-0.6220239961341175,-0.7984930392740064,0.17646904313988887,01
Tehama,Urinary Tract Infection,62.760000000000005,67.72,5,71.0,59.0,84.4,140.1,3.5,3.7,Low,Low,-0.525454283929012,-0.7929141846166989,0.267459900687687,01
Trinity,Asthma in Younger Adults (Age 18-39),9.66,13.459999999999999,5,35.3,60.3,16.0,351.2,6.0,2.5,High,Low,-0.725136983231625,-0.7808266661925328,0.055689682960907816,01
Trinity,COPD or Asthma in Older Adults (Age 40+),66.66,97.03999999999999,5,99.0,16.9,134.7,232.4,3.8,3.9,Low,Low,-0.5107883229632834,-1.184363819737773,0.6735754967744897,01
Trinity,Community-Acquired Pneumonia,64.26,122.67999999999999,5,170.2,13.2,88.5,133.3,3.5,4.5,High,Low,-0.519813529711424,-1.2187667567911693,0.6989532270797453,01
Trinity,Diabetes Composite,54.06,92.02000000000001,5,131.5,13.2,223.4,147.8,9.4,5.6,Low,Low,-0.558170658391022,-1.2187667567911693,0.6605960984001473,01
Trinity,Heart Failure,96.12,185.18,5,232.1,48.7,353.7,161.2,4.3,4.9,Low,Low,-0.4000039101298562,-0.8886845229004772,0.48868061277062097,01
Trinity,Hypertension,11.6,21.419999999999998,5,30.9,48.7,49.0,161.5,3.5,3.0,Low,Low,-0.7178416077768779,-0.8886845229004772,0.17084291512359928,01
Trinity,Urinary Tract Infection,57.279999999999994,94.92,5,116.0,13.2,84.4,140.1,3.1,3.7,High,Low,-0.5460618393372666,-1.2187667567911693,0.6727049174539027,01
Tulare,Asthma in Younger Adults (Age 18-39),13.040000000000001,13.080000000000002,5,16.2,187.6,16.0,351.2,2.9,2.5,High,Low,-0.7124264837279936,0.4028203302662021,-1.1152468139941956,00
Tulare,COPD or Asthma in Older Adults (Age 40+),171.7,166.62,5,169.4,146.5,134.7,232.4,4.2,3.9,High,Low,-0.11578510761965864,0.020668786240640453,-0.1364538938602991,00
Tulare,Community-Acquired Pneumonia,122.2,114.41999999999999,5,121.1,76.1,88.5,133.3,5.0,4.5,High,Low,-0.30192999680006055,-0.6339168268834361,0.33198683008337554,01
Tulare,Diabetes Composite,251.01999999999998,295.52,5,314.3,85.9,223.4,147.8,6.0,5.6,High,Low,0.18249797540639154,-0.542795534147414,0.7252935095538056,11
Tulare,Heart Failure,353.98,338.08000000000004,5,327.3,95.9,353.7,161.2,4.9,4.9,Low,Low,0.5696793449016277,-0.4498146231922895,1.0194939680939172,11
Tulare,Hypertension,35.660000000000004,39.28,5,41.6,98.6,49.0,161.5,3.3,3.0,Low,Low,-0.6273639101267674,-0.424709777234406,-0.2026541328923614,01
Tulare,Urinary Tract Infection,97.88,87.36,5,93.0,88.3,84.4,140.1,4.4,3.7,High,Low,-0.3933854251812197,-0.5204801155181842,0.12709469033696447,01
Tuolumne,Asthma in Younger Adults (Age 18-39),14.1,13.3,5,23.2,311.0,16.0,351.2,5.3,2.5,High,Low,-0.7084403507475647,1.5502047714524385,-2.2586451222000035,00
Tuolumne,COPD or Asthma in Older Adults (Age 40+),170.7,189.52,5,159.8,130.3,134.7,232.4,3.7,3.9,High,Low,-0.11954561043138393,-0.12996028950666114,0.010414679075277211,01
Tuolumne,Community-Acquired Pneumonia,89.52000000000001,118.22,5,102.6,76.5,88.5,133.3,3.6,4.5,High,Low,-0.4248232286872431,-0.630197590445231,0.20537436175798796,01
Tuolumne,Diabetes Composite,178.44,213.28000000000003,5,194.0,79.3,223.4,147.8,5.0,5.6,Low,Low,-0.09043931866863013,-0.6041629353777963,0.5137236167091662,01
Tuolumne,Heart Failure,262.76,364.48,5,318.8,120.3,353.7,161.2,4.3,4.9,Low,Low,0.2266462784160465,-0.22294120046178578,0.4495874788778323,11
Tuolumne,Hypertension,35.339999999999996,45.62,5,49.1,116.5,49.0,161.5,3.3,3.0,High,Low,-0.6285672710265194,-0.2582739466247331,-0.37029332440178636,01
Tuolumne,Urinary Tract Infection,66.06,88.12,5,91.4,86.6,84.4,140.1,4.0,3.7,High,Low,-0.5130446246503185,-0.5362868703805554,0.02324224573023692,01
Ventura,Asthma in Younger Adults (Age 18-39),9.82,7.24,5,10.6,360.3,16.0,351.2,2.4,2.5,Low,High,-0.7245353027817489,2.0086006624612027,-2.7331359652429517,00
Ventura,COPD or Asthma in Older Adults (Age 40+),160.54,112.08,5,114.3,205.3,134.7,232.4,3.9,3.9,Low,Low,-0.15775231899851289,0.5673965426567726,-0.7251488616552855,00
Ventura,Community-Acquired Pneumonia,103.2,83.82000000000001,5,96.9,125.2,88.5,133.3,4.5,4.5,High,Low,-0.37337955022284114,-0.1773805540937747,-0.19599899612906643,01
Ventura,Diabetes Composite,234.74,188.56,5,205.2,138.1,223.4,147.8,5.2,5.6,Low,Low,0.12127698963150388,-0.05743517896166418,0.17871216859316807,11
Ventura,Heart Failure,323.78000000000003,279.54,5,293.5,147.1,353.7,161.2,4.9,4.9,Low,Low,0.45611215998752397,0.02624764089794787,0.4298645190895761,10
Ventura,Hypertension,56.7,41.0,5,45.0,146.9,49.0,161.5,2.8,3.0,Low,Low,-0.5482429309680673,0.02438802267884549,-0.5726309536469127,00
Ventura,Urinary Tract Infection,113.64000000000001,95.9,5,107.3,132.0,84.4,140.1,3.8,3.7,High,Low,-0.334119900868429,-0.11415353464429008,-0.21996636622413895,01
Yolo,Asthma in Younger Adults (Age 18-39),8.0,7.459999999999999,5,7.9,236.3,16.0,351.2,3.3,2.5,Low,Low,-0.731379417899089,0.8556373666176587,-1.5870167845167478,00
Yolo,COPD or Asthma in Older Adults (Age 40+),130.84,126.42,5,147.4,235.6,134.7,232.4,3.9,3.9,High,High,-0.26943925250675405,0.8491287028507998,-1.1185679553575538,00
Yolo,Community-Acquired Pneumonia,50.239999999999995,44.6,5,55.8,109.9,88.5,133.3,4.0,4.5,Low,Low,-0.5725357791318125,-0.31964134785511517,-0.25289443127669736,01
Yolo,Diabetes Composite,134.8,143.14000000000001,5,165.7,118.5,223.4,147.8,5.2,5.6,Low,Low,-0.2545476613723218,-0.23967776443370817,-0.014869896938613653,01
Yolo,Heart Failure,285.88,245.45999999999998,5,255.9,122.5,353.7,161.2,4.8,4.9,Low,Low,0.3135891034231353,-0.20248540005165835,0.5160745034747937,11
Yolo,Hypertension,25.419999999999998,23.919999999999998,5,24.8,122.4,49.0,161.5,2.2,3.0,Low,Low,-0.6658714589188344,-0.20341520916120956,-0.4624562497576248,01
Yolo,Urinary Tract Infection,43.28,38.42,5,47.3,116.1,84.4,140.1,3.0,3.7,Low,Low,-0.5987088787014206,-0.2619931830629381,-0.3367156956384825,01
Yuba,Asthma in Younger Adults (Age 18-39),15.725,13.95,5,11.0,91.5,16.0,351.2,1.0,2.5,Low,Low,-0.7023295336785111,-0.49072622401254434,-0.2116033096659668,01
Yuba,COPD or Asthma in Older Adults (Age 40+),321.22,304.78000000000003,5,311.0,70.3,134.7,232.4,4.7,3.9,High,Low,0.4464852727895072,-0.6878457552374083,1.1343310280269154,11
Yuba,Community-Acquired Pneumonia,150.98,139.9,5,172.6,40.4,88.5,133.3,5.9,4.5,High,Low,-0.19370272587860668,-0.9658586789932305,0.7721559531146238,01
Yuba,Diabetes Composite,293.52000000000004,333.68,5,366.0,41.9,223.4,147.8,6.1,5.6,High,Low,0.34231934490471666,-0.9519115423499618,1.2942308872546784,11
Yuba,Heart Failure,604.68,568.0,5,505.1,61.1,353.7,161.2,6.4,4.9,High,Low,1.5124373998011584,-0.7733881933161229,2.2858255931172815,11
Yuba,Hypertension,60.5,64.84,5,59.1,61.1,49.0,161.5,5.2,3.0,High,Low,-0.5339530202835111,-0.7733881933161229,0.23943517303261175,01
Yuba,Urinary Tract Infection,108.02000000000001,94.36,5,108.7,37.8,84.4,140.1,4.7,3.7,High,Low,-0.3552539266703252,-0.990033715841563,0.6347797891712378,01
