County,PQIDescription,RiskAdjRate_mean,ObsRate_mean,years_count,CtyPQIRate,CtyPhyRate,StPQIRate,StPhyRate,CtyMeanLengthStay,StMeanLengthStay,PQIRateComp,PhySupplyRateComp,z_risk,z_phys,priority_score
Alameda,Acute Composite,140.28,104.54,5,,,,,,,,,-0.23394010596406728,,
Alameda,Asthma in Younger Adults (Age 18-39),13.74,10.38,5,12.4,357.4,16.0,351.2,2.3,2.5,Low,High,-0.7097941317597858,1.981636198284216,-2.691430330044002
Alameda,COPD or Asthma in Older Adults (Age 40+),169.57999999999998,111.82000000000001,5,125.3,230.4,134.7,232.4,3.6,3.9,Low,Low,-0.12375737358051628,0.8007786291541351,-0.9245360027346514
Alameda,Chronic Composite,724.5600000000001,545.04,5,,,,,,,,,1.963246476870787,,
Alameda,Community-Acquired Pneumonia,70.2,51.7,5,58.7,138.7,88.5,133.3,4.2,4.5,Low,High,-0.49747614300977583,-0.051856324304356764,-0.44561981870541906
Alameda,Diabetes Composite,192.64000000000001,150.76,5,170.9,150.0,223.4,147.8,5.3,5.6,Low,High,-0.03704017874213091,0.053212105074934034,-0.09025228381706495
Alameda,Diabetes Long-term Complications,85.26,65.64,5,,,,,,,,,-0.44084297066519285,,
Alameda,Diabetes Short-term Complications,63.06,52.6,5,,,,,,,,,-0.5243261330854944,,
Alameda,Heart Failure,370.62,289.78000000000003,5,324.8,177.3,353.7,161.2,4.8,4.9,Low,High,0.6322541116887366,0.30704999198242405,0.3252041197063125
Alameda,Hypertension,46.9,32.82,5,36.3,179.1,49.0,161.5,3.1,3.0,Low,High,-0.5850958585229751,0.3237865559543463,-0.9088824144773213
Alameda,Lower-Extremity Amputation (Diabetes),31.439999999999998,24.66,5,,,,,,,,,-0.6432332319922481,,
Alameda,Overall Composite,866.2,649.5600000000001,5,,,,,,,,,2.4958840951235572,,
Alameda,Uncontrolled Diabetes,28.68,20.380000000000003,5,,,,,,,,,-0.6536122197526099,,
Alameda,Urinary Tract Infection,69.82000000000001,52.82000000000001,5,59.6,150.8,84.4,140.1,3.7,3.7,Low,High,-0.4989051340782314,0.0606505779513441,-0.5595557120295755
Alpine,Acute Composite,32.28,41.32000000000001,5,,,,,,,,,-0.6400744096303989,,
Alpine,Asthma in Younger Adults (Age 18-39),0.0,0.0,5,0.0,0.0,16.0,351.2,0.0,2.5,Low,Low,-0.7614634403928913,-1.3415015592519335,0.5800381188590422
Alpine,COPD or Asthma in Older Adults (Age 40+),0.0,0.0,5,0.0,0.0,134.7,232.4,0.0,3.9,Low,Low,-0.7614634403928913,-1.3415015592519335,0.5800381188590422
Alpine,Chronic Composite,63.64,80.58000000000001,5,,,,,,,,,-0.5221450414546938,,
Alpine,Community-Acquired Pneumonia,30.420000000000005,41.32000000000001,5,104.7,0.0,88.5,133.3,3.0,4.5,High,Low,-0.6470689448602078,-1.3415015592519335,0.6944326143917257
Alpine,Diabetes Composite,45.059999999999995,59.64000000000001,5,0.0,0.0,223.4,147.8,0.0,5.6,Low,Low,-0.5920151836965496,-1.3415015592519335,0.7494863755553839
Alpine,Diabetes Long-term Complications,28.04,40.0,5,,,,,,,,,-0.6560189415521142,,
Alpine,Diabetes Short-term Complications,16.68,19.619999999999997,5,,,,,,,,,-0.6987382534933134,,
Alpine,Heart Failure,14.0,20.94,5,104.7,0.0,353.7,161.2,4.0,4.9,Low,Low,-0.7088164010287372,-1.3415015592519335,0.6326851582231963
Alpine,Hypertension,0.0,0.0,5,0.0,0.0,49.0,161.5,0.0,3.0,Low,Low,-0.7614634403928913,-1.3415015592519335,0.5800381188590422
Alpine,Lower-Extremity Amputation (Diabetes),0.0,0.0,5,,,,,,,,,-0.7614634403928913,,
Alpine,Overall Composite,95.9,121.92,5,,,,,,,,,-0.40083122074843575,,
Alpine,Uncontrolled Diabetes,0.0,0.0,5,,,,,,,,,-0.7614634403928913,,
Alpine,Urinary Tract Infection,0.0,0.0,5,0.0,0.0,84.4,140.1,0.0,3.7,Low,Low,-0.7614634403928913,-1.3415015592519335,0.5800381188590422
Amador,Acute Composite,164.85999999999999,186.56,5,,,,,,,,,-0.14150694685185966,,
Amador,Asthma in Younger Adults (Age 18-39),4.1,2.725,5,0.0,403.8,16.0,351.2,0.0,2.5,Low,High,-0.7460453788648176,2.413067625115994,-3.1591130039808117
Amador,COPD or Asthma in Older Adults (Age 40+),145.7,124.25999999999999,5,197.7,148.9,134.7,232.4,3.1,3.9,High,Low,-0.21355818072451624,0.04298420486987039,-0.25654238559438663
Amador,Chronic Composite,693.28,726.14,5,,,,,,,,,1.8456179489200193,,
Amador,Community-Acquired Pneumonia,92.02000000000001,105.04,5,150.1,101.0,88.5,133.3,4.7,4.5,High,Low,-0.4154219716579299,-0.40239435860517603,-0.01302761305275385
Amador,Diabetes Composite,215.82,209.92,5,223.8,110.2,223.4,147.8,4.3,5.6,High,Low,0.05012827643366129,-0.3168519205264615,0.3669801969601228
Amador,Diabetes Long-term Complications,86.56,90.74,5,,,,,,,,,-0.43595431700994997,,
Amador,Diabetes Short-term Complications,100.85999999999999,84.9,5,,,,,,,,,-0.3821791268022784,,
Amador,Heart Failure,332.52,378.58000000000004,5,481.6,123.8,353.7,161.2,4.2,4.9,High,Low,0.48897895456200285,-0.1903978816274922,0.6793768361894951
Amador,Hypertension,47.019999999999996,44.54,5,51.0,123.8,49.0,161.5,3.3,3.0,High,Low,-0.5846445981855681,-0.1903978816274922,-0.39424671655807597
Amador,Lower-Extremity Amputation (Diabetes),23.0,25.119999999999997,5,,,,,,,,,-0.6749718757232096,,
Amador,Overall Composite,856.74,912.68,5,,,,,,,,,2.4603097385246357,,
Amador,Uncontrolled Diabetes,25.98,25.72,5,,,,,,,,,-0.6637655773442682,,
Amador,Urinary Tract Infection,72.74,81.5,5,104.8,105.9,84.4,140.1,2.9,3.7,High,Low,-0.4879244658679935,-0.356833712237165,-0.1310907536308285
Butte,Acute Composite,226.11999999999998,248.7,5,,,,,,,,,0.08886145539443173,,
Butte,Asthma in Younger Adults (Age 18-39),24.0,20.98,5,14.3,206.5,16.0,351.2,1.8,2.5,Low,Low,-0.6712113729114842,0.5785542519713875,-1.2497656248828717
Butte,COPD or Asthma in Older Adults (Age 40+),345.8,361.6,5,283.8,153.3,134.7,232.4,2.7,3.9,High,Low,0.5389184319017148,0.08389580569012522,0.4550226262115896
Butte,Chronic Composite,1171.7400000000002,1325.8,5,,,,,,,,,3.6448681242181036,,
Butte,Community-Acquired Pneumonia,114.12,126.55999999999999,5,117.0,80.0,88.5,133.3,3.5,4.5,High,Low,-0.3323148595188009,-0.5976542716109375,0.26533941209213663
Butte,Diabetes Composite,275.65999999999997,327.2,5,318.2,93.2,223.4,147.8,4.0,5.6,High,Low,0.2751567646873027,-0.47491946915017313,0.7500762338374758
Butte,Diabetes Long-term Complications,101.88000000000001,116.88,5,,,,,,,,,-0.3783434139343185,,
Butte,Diabetes Short-term Complications,93.12,116.25999999999999,5,,,,,,,,,-0.41128541856503203,,
Butte,Heart Failure,569.78,658.96,5,685.0,106.1,353.7,161.2,4.0,4.9,High,Low,1.3811958516719458,-0.3549740940180626,1.7361699456900084
Butte,Hypertension,107.62,122.72,5,107.9,108.3,49.0,161.5,2.9,3.0,High,Low,-0.3567581277950153,-0.33451829360793517,-0.022239834187080143
Butte,Lower-Extremity Amputation (Diabetes),37.94,46.04,5,,,,,,,,,-0.6187899637160337,,
Butte,Overall Composite,1401.02,1574.52,5,,,,,,,,,4.507076208890477,,
Butte,Uncontrolled Diabetes,58.82000000000001,67.96000000000001,5,,,,,,,,,-0.5402706650072097,,
Butte,Urinary Tract Infection,111.75999999999999,122.16,5,111.5,88.6,84.4,140.1,3.9,3.7,High,Low,-0.34118964615447267,-0.5176906881895305,0.1765010420350578
Calaveras,Acute Composite,203.38,258.03999999999996,5,,,,,,,,,0.0033476214557986547,,
Calaveras,Asthma in Younger Adults (Age 18-39),15.8,14.52,5,31.0,165.5,16.0,351.2,1.3,2.5,High,Low,-0.7020474959676316,0.19733251705537702,-0.8993800130230086
Calaveras,COPD or Asthma in Older Adults (Age 40+),194.62,192.06,5,198.5,55.8,134.7,232.4,3.4,3.9,High,Low,-0.029594383174914873,-0.8226680761223388,0.7930736929474239
Calaveras,Chronic Composite,620.3399999999999,737.1,5,,,,,,,,,1.5713268738327764,,
Calaveras,Community-Acquired Pneumonia,109.32000000000001,143.7,5,127.6,39.2,88.5,133.3,4.0,4.5,High,Low,-0.3503652730150823,-0.9770163883078454,0.6266511152927632
Calaveras,Diabetes Composite,157.3,173.04000000000002,5,177.0,39.2,223.4,147.8,4.3,5.6,Low,Low,-0.16993634810850275,-0.9770163883078454,0.8070800401993427
Calaveras,Diabetes Long-term Complications,74.38,87.84,5,,,,,,,,,-0.48175724125676406,,
Calaveras,Diabetes Short-term Complications,55.96,52.32000000000001,5,,,,,,,,,-0.5510257030487439,,
Calaveras,Heart Failure,302.7,381.44,5,377.5,46.3,353.7,161.2,4.6,4.9,High,Low,0.3768407607163547,-0.9109999415297071,1.2878407022460618
Calaveras,Hypertension,31.52,35.62,5,36.4,46.3,49.0,161.5,3.1,3.0,Low,Low,-0.6429323917673101,-0.9109999415297071,0.268067549762397
Calaveras,Lower-Extremity Amputation (Diabetes),18.96,24.56,5,,,,,,,,,-0.6901643070825797,,
Calaveras,Overall Composite,825.96,995.14,5,,,,,,,,,2.3445614619797315,,
Calaveras,Uncontrolled Diabetes,17.8,20.380000000000003,5,,,,,,,,,-0.694526490344181,,
Calaveras,Urinary Tract Infection,94.1,114.34,5,132.8,44.2,84.4,140.1,3.0,3.7,High,Low,-0.4076001258095413,-0.9305259328302832,0.5229258070207419
Colusa,Acute Composite,353.94,300.4,5,,,,,,,,,0.5695289247891587,,
Colusa,Asthma in Younger Adults (Age 18-39),7.720000000000001,6.3,5,15.9,123.8,16.0,351.2,2.0,2.5,Low,Low,-0.732432358686372,-0.1903978816274922,-0.5420344770588799
Colusa,COPD or Asthma in Older Adults (Age 40+),347.28000000000003,260.9,5,223.5,79.0,134.7,232.4,3.5,3.9,High,Low,0.5444839760630683,-0.6069523627064499,1.1514363387695181
Colusa,Chronic Composite,1094.02,918.5600000000001,5,,,,,,,,,3.352601845690813,,
Colusa,Community-Acquired Pneumonia,173.68,148.78,5,192.3,48.2,88.5,133.3,3.7,4.5,High,Low,-0.10833931205244249,-0.8933335684482334,0.7849942563957909
Colusa,Diabetes Composite,314.15999999999997,279.26,5,341.1,48.2,223.4,147.8,6.2,5.6,High,Low,0.41993612293872645,-0.8933335684482334,1.31326969138696
Colusa,Diabetes Long-term Complications,144.84,129.07999999999998,5,,,,,,,,,-0.21679221314259994,,
Colusa,Diabetes Short-term Complications,69.5,63.279999999999994,5,,,,,,,,,-0.5001084949779835,,
Colusa,Heart Failure,508.9,433.08000000000004,5,521.0,59.7,353.7,161.2,3.5,4.9,High,Low,1.15225644049411,-0.7864055208498403,1.9386619613439504
Colusa,Hypertension,56.720000000000006,45.94,5,24.8,59.7,49.0,161.5,6.0,3.0,Low,Low,-0.5481677209118327,-0.7864055208498403,0.23823779993800753
Colusa,Lower-Extremity Amputation (Diabetes),55.42,49.64,5,,,,,,,,,-0.5530563745670756,,
Colusa,Overall Composite,1447.8200000000002,1218.96,5,,,,,,,,,4.683067740479221,,
Colusa,Uncontrolled Diabetes,82.2,68.28,5,,,,,,,,,-0.45235010926907226,,
Colusa,Urinary Tract Infection,180.38,151.62,5,186.1,48.2,84.4,140.1,3.8,3.7,High,Low,-0.08314394321388308,-0.8933335684482334,0.8101896252343503
Contra Costa,Acute Composite,160.72,125.84,5,,,,,,,,,-0.1570754284924023,,
Contra Costa,Asthma in Younger Adults (Age 18-39),13.48,9.32,5,10.3,469.2,16.0,351.2,3.1,2.5,Low,High,-0.7107718624908343,3.021162782762508,-3.731934645253342
Contra Costa,COPD or Asthma in Older Adults (Age 40+),175.28,110.3,5,110.9,247.1,134.7,232.4,3.8,3.9,Low,High,-0.10232250755368204,0.9560567504491929,-1.058379258002875
Contra Costa,Chronic Composite,833.5,625.76,5,,,,,,,,,2.37291565318014,,
Contra Costa,Community-Acquired Pneumonia,85.4,64.08,5,77.2,146.4,88.5,133.3,4.1,4.5,Low,High,-0.4403165002715513,0.019738977131089262,-0.4600554774026405
Contra Costa,Diabetes Composite,226.34,163.84,5,172.2,158.2,223.4,147.8,5.4,5.6,Low,High,0.0896887660130114,0.12945645205813602,-0.03976768604512462
Contra Costa,Diabetes Long-term Complications,107.58,79.76,5,,,,,,,,,-0.35690854790748433,,
Contra Costa,Diabetes Short-term Complications,77.38,55.260000000000005,5,,,,,,,,,-0.47047573282158817,,
Contra Costa,Heart Failure,429.0,349.96,5,366.9,172.6,353.7,161.2,4.7,4.9,High,High,0.8517922658372592,0.26334896383351536,0.5884433020037438
Contra Costa,Hypertension,54.92,37.04,5,41.1,173.8,49.0,161.5,2.8,3.0,Low,High,-0.5549366259729381,0.2745066731481305,-0.8294432991210686
Contra Costa,Lower-Extremity Amputation (Diabetes),28.32,20.28,5,,,,,,,,,-0.654966000764831,,
Contra Costa,Overall Composite,993.04,751.62,5,,,,,,,,,2.972866271762793,,
Contra Costa,Uncontrolled Diabetes,27.26,19.1,5,,,,,,,,,-0.6589521337452598,,
Contra Costa,Urinary Tract Infection,75.03999999999999,61.739999999999995,5,63.0,160.9,84.4,140.1,3.4,3.7,Low,High,-0.47927530940102536,0.1545612980160198,-0.6338366074170452
Del Norte,Acute Composite,112.22,150.82,5,,,,,,,,,-0.339459814861079,,
Del Norte,Asthma in Younger Adults (Age 18-39),4.2,5.54,5,14.2,186.2,16.0,351.2,1.0,2.5,Low,Low,-0.7456693285836451,0.38980300273248464,-1.1354723313161297
Del Norte,COPD or Asthma in Older Adults (Age 40+),86.96000000000001,114.12,5,135.8,93.7,134.7,232.4,3.4,3.9,High,Low,-0.43445011588525984,-0.4702704236024169,0.03582030771715705
Del Norte,Chronic Composite,512.0,738.7,5,,,,,,,,,1.1639139992104583,,
Del Norte,Community-Acquired Pneumonia,75.2,106.1,5,123.6,62.3,88.5,133.3,3.4,4.5,High,Low,-0.4786736289511493,-0.762230484001508,0.28355685505035866
Del Norte,Diabetes Composite,147.84,220.38000000000002,5,356.6,62.3,223.4,147.8,4.1,5.6,High,Low,-0.20551070470742405,-0.762230484001508,0.5567197792940839
Del Norte,Diabetes Long-term Complications,73.6,111.2,5,,,,,,,,,-0.4846904334499098,,
Del Norte,Diabetes Short-term Complications,52.4,73.82000000000001,5,,,,,,,,,-0.564413093058486,,
Del Norte,Heart Failure,265.02,377.6,5,389.8,78.8,353.7,161.2,3.8,4.9,High,Low,0.23514501477054564,-0.6088119809255524,0.8439569956960981
Del Norte,Hypertension,42.48,64.36,5,80.8,78.8,49.0,161.5,2.4,3.0,High,Low,-0.6017172809508009,-0.6088119809255524,0.007094699974751539
Del Norte,Lower-Extremity Amputation (Diabetes),21.4,35.38,5,,,,,,,,,-0.68098868022197,,
Del Norte,Overall Composite,627.02,889.5200000000001,5,,,,,,,,,1.5964470326151015,,
Del Norte,Uncontrolled Diabetes,10.379999999999999,15.86,5,,,,,,,,,-0.7224294212071828,,
Del Norte,Urinary Tract Infection,35.260000000000005,44.739999999999995,5,57.1,79.9,84.4,140.1,2.8,3.7,Low,Low,-0.6288681112514575,-0.5985840807204887,-0.03028403053096873
El Dorado,Acute Composite,207.71999999999997,196.26,5,,,,,,,,,0.01966820365868633,,
El Dorado,Asthma in Younger Adults (Age 18-39),27.525,19.375,5,20.8,284.6,16.0,351.2,1.9,2.5,High,Low,-0.6579556005001526,1.3047351665309102,-1.9626907670310627
El Dorado,COPD or Asthma in Older Adults (Age 40+),215.98000000000002,157.26,5,165.3,110.4,134.7,232.4,3.2,3.9,High,Low,0.05072995688353742,-0.314992302307359,0.3657222591908964
El Dorado,Chronic Composite,651.5,598.86,5,,,,,,,,,1.6885041414461368,,
El Dorado,Community-Acquired Pneumonia,108.94000000000001,101.78,5,108.3,74.2,88.5,133.3,3.8,4.5,High,Low,-0.3517942640835379,-0.6515831999649097,0.29978893588137173
El Dorado,Diabetes Composite,175.16,148.44,5,147.6,80.7,223.4,147.8,4.2,5.6,Low,Low,-0.1027737678910891,-0.5911456078440788,0.48837183995298966
El Dorado,Diabetes Long-term Complications,62.42,55.92,5,,,,,,,,,-0.5267328548849984,,
El Dorado,Diabetes Short-term Complications,89.52000000000001,68.14,5,,,,,,,,,-0.4248232286872431,,
El Dorado,Heart Failure,297.82,304.68,5,312.7,104.6,353.7,161.2,4.2,4.9,Low,Low,0.35848950699513527,-0.36892123066133126,0.7274107376564665
El Dorado,Hypertension,34.6,27.7,5,23.2,105.5,49.0,161.5,2.6,3.0,Low,Low,-0.6313500431071962,-0.36055294867537,-0.2707970944318262
El Dorado,Lower-Extremity Amputation (Diabetes),16.24,15.059999999999999,5,,,,,,,,,-0.7003928747304725,,
El Dorado,Overall Composite,860.36,795.12,5,,,,,,,,,2.473922758703081,,
El Dorado,Uncontrolled Diabetes,18.64,15.86,5,,,,,,,,,-0.691367667982332,,
El Dorado,Urinary Tract Infection,99.1,94.46000000000001,5,83.8,83.1,84.4,140.1,3.2,3.7,Low,Low,-0.3887976117509148,-0.568830189214849,0.18003257746393414
Fresno,Acute Composite,259.44,255.8,5,,,,,,,,,0.21416140908111855,,
Fresno,Asthma in Younger Adults (Age 18-39),24.0,26.080000000000002,5,28.4,317.7,16.0,351.2,2.0,2.5,High,Low,-0.6712113729114842,1.6125019817923718,-2.283713354703856
Fresno,COPD or Asthma in Older Adults (Age 40+),230.54000000000002,234.88000000000002,5,234.8,246.1,134.7,232.4,4.3,3.9,High,High,0.1054828778222577,0.9467586593536805,-0.8412757815314228
Fresno,Chronic Composite,879.3,948.4200000000001,5,,,,,,,,,2.545146681957158,,
Fresno,Community-Acquired Pneumonia,129.76,129.57999999999998,5,142.6,131.2,88.5,133.3,5.0,4.5,High,Low,-0.2735005955434174,-0.12159200752070015,-0.15190858802271723
Fresno,Diabetes Composite,263.84000000000003,323.41999999999996,5,335.1,142.7,223.4,147.8,6.3,5.6,High,Low,0.23070762145270998,-0.014663959922306962,0.24537158137501694
Fresno,Diabetes Long-term Complications,135.46,158.18,5,,,,,,,,,-0.2520657295165832,,
Fresno,Diabetes Short-term Complications,75.62,100.04,5,,,,,,,,,-0.47709421777022465,,
Fresno,Heart Failure,406.18,418.84,5,451.5,160.6,353.7,161.2,5.3,4.9,High,Low,0.765977591673688,0.15177187068736595,0.614205720986322
Fresno,Hypertension,53.46,63.36,5,68.1,160.7,49.0,161.5,3.7,3.0,High,Low,-0.5604269600780571,0.15270167979691715,-0.7131286398749743
Fresno,Lower-Extremity Amputation (Diabetes),55.160000000000004,68.36,5,,,,,,,,,-0.5540341052981241,,
Fresno,Overall Composite,1138.58,1204.14,5,,,,,,,,,3.5201698509812918,,
Fresno,Uncontrolled Diabetes,33.54,39.519999999999996,5,,,,,,,,,-0.635336176087625,,
Fresno,Urinary Tract Infection,130.22,126.22,5,144.2,137.4,84.4,140.1,4.5,3.7,High,Low,-0.2717707642500237,-0.0639438427285228,-0.20782692152150092
Glenn,Acute Composite,352.7,354.12,5,,,,,,,,,0.5648659013026193,,
Glenn,Asthma in Younger Adults (Age 18-39),19.240000000000002,17.4,5,0.0,48.3,16.0,351.2,0.0,2.5,Low,Low,-0.6891113662952967,-0.8924037593386822,0.20329239304338553
Glenn,COPD or Asthma in Older Adults (Age 40+),290.65999999999997,278.04,5,225.5,29.3,134.7,232.4,6.6,3.9,High,Low,0.33156430686318206,-1.0690674901534187,1.400631797016601
Glenn,Chronic Composite,1050.7199999999998,1122.98,5,,,,,,,,,3.1897720739431072,,
Glenn,Community-Acquired Pneumonia,191.56,189.45999999999998,5,213.0,18.2,88.5,133.3,3.8,4.5,High,Low,-0.041101521778794274,-1.172276301313607,1.1311747795348128
Glenn,Diabetes Composite,253.38000000000002,280.41999999999996,5,324.3,18.2,223.4,147.8,4.6,5.6,High,Low,0.19137276204206338,-1.172276301313607,1.3636490633556704
Glenn,Diabetes Long-term Complications,126.58,138.7,5,,,,,,,,,-0.2854589944847038,,
Glenn,Diabetes Short-term Complications,77.1,83.28,5,,,,,,,,,-0.4715286736088713,,
Glenn,Heart Failure,579.98,627.74,5,726.0,18.2,353.7,161.2,4.5,4.9,High,Low,1.4195529803515439,-1.172276301313607,2.591829281665151
Glenn,Hypertension,33.339999999999996,37.38,5,58.1,18.2,49.0,161.5,3.3,3.0,High,Low,-0.63608827664997,-1.172276301313607,0.536188024663637
Glenn,Lower-Extremity Amputation (Diabetes),50.14,56.5,5,,,,,,,,,-0.5729118294129852,,
Glenn,Overall Composite,1400.16,1477.08,5,,,,,,,,,4.503842176472395,,
Glenn,Uncontrolled Diabetes,31.9,36.32,5,,,,,,,,,-0.6415034006988545,,
Glenn,Urinary Tract Infection,161.35999999999999,164.66,5,193.6,18.2,84.4,140.1,3.7,3.7,High,Low,-0.15466870669289817,-1.172276301313607,1.0176075946207088
Humboldt,Acute Composite,157.35999999999999,178.74,5,,,,,,,,,-0.16971071793979933,,
Humboldt,Asthma in Younger Adults (Age 18-39),12.575,10.424999999999999,5,0.0,279.6,16.0,351.2,0.0,2.5,Low,Low,-0.7141751175354458,1.258244711053348,-1.9724198285887937
Humboldt,COPD or Asthma in Older Adults (Age 40+),134.44,145.22,5,149.9,180.0,134.7,232.4,4.9,3.9,High,Low,-0.255901442384543,0.33215483794030753,-0.5880562803248506
Humboldt,Chronic Composite,526.92,631.36,5,,,,,,,,,1.2200207011613997,,
Humboldt,Community-Acquired Pneumonia,94.4,109.5,5,113.6,107.5,88.5,133.3,4.4,4.5,High,Low,-0.40647197496602366,-0.34195676648434514,-0.06451520848167852
Humboldt,Diabetes Composite,153.44,193.4,5,199.7,110.1,223.4,147.8,5.5,5.6,Low,Low,-0.18445188896176243,-0.3177817296360128,0.13332984067425038
Humboldt,Diabetes Long-term Complications,70.0,87.2,5,,,,,,,,,-0.4982282435721208,,
Humboldt,Diabetes Short-term Complications,55.8,71.14,5,,,,,,,,,-0.55162738349862,,
Humboldt,Heart Failure,264.86,319.94,5,350.9,131.9,353.7,161.2,5.8,4.9,Low,Low,0.2345433343206697,-0.11508334375384127,0.349626678074511
Humboldt,Hypertension,20.9,25.619999999999997,5,20.2,130.3,49.0,161.5,4.1,3.0,Low,Low,-0.6828689316278327,-0.12996028950666114,-0.5529086421211715
Humboldt,Lower-Extremity Amputation (Diabetes),24.919999999999998,33.46,5,,,,,,,,,-0.667751710324697,,
Humboldt,Overall Composite,684.14,810.1,5,,,,,,,,,1.8112469532208502,,
Humboldt,Uncontrolled Diabetes,15.36,18.64,5,,,,,,,,,-0.7037021172047908,,
Humboldt,Urinary Tract Infection,62.48,69.25999999999999,5,73.3,109.3,84.4,140.1,4.7,3.7,Low,Low,-0.5265072247162951,-0.32522020251242273,-0.20128702220387235
Imperial,Acute Composite,194.07999999999998,221.34,5,,,,,,,,,-0.031625054693246606,,
Imperial,Asthma in Younger Adults (Age 18-39),8.775,10.25,5,10.8,81.9,16.0,351.2,3.2,2.5,Low,Low,-0.7284650282200018,-0.5799878985294638,-0.14847712969053806
Imperial,COPD or Asthma in Older Adults (Age 40+),53.6,65.47999999999999,5,69.7,62.2,134.7,232.4,4.6,3.9,Low,Low,-0.5599004896844156,-0.7631602931110592,0.20325980342664351
Imperial,Chronic Composite,483.86,593.58,5,,,,,,,,,1.0580934500885086,,
Imperial,Community-Acquired Pneumonia,100.78,118.08,5,133.6,35.7,88.5,133.3,4.4,4.5,High,Low,-0.3824799670272163,-1.0095597071421392,0.6270797401149228
Imperial,Diabetes Composite,177.1,238.44,5,264.2,41.6,223.4,147.8,6.7,5.6,High,Low,-0.09547839243634204,-0.9547009696786157,0.8592225772422737
Imperial,Diabetes Long-term Complications,99.06,125.44000000000001,5,,,,,,,,,-0.38894803186338384,,
Imperial,Diabetes Short-term Complications,53.58,77.72,5,,,,,,,,,-0.5599756997406502,,
Imperial,Heart Failure,240.26,283.86,5,278.1,43.4,353.7,161.2,4.5,4.9,Low,Low,0.1420349651522274,-0.9379644057066931,1.0799993708589206
Imperial,Hypertension,22.419999999999998,29.7,5,29.5,47.3,49.0,161.5,3.3,3.0,Low,Low,-0.6771529673540103,-0.9017018504341947,0.2245488830801844
Imperial,Lower-Extremity Amputation (Diabetes),29.419999999999998,39.980000000000004,5,,,,,,,,,-0.6508294476719333,,
Imperial,Overall Composite,675.4,814.92,5,,,,,,,,,1.7783801586463712,,
Imperial,Uncontrolled Diabetes,13.98,18.9,5,,,,,,,,,-0.7088916110849718,,
Imperial,Urinary Tract Infection,93.72,103.2,5,109.5,41.0,84.4,140.1,3.7,3.7,High,Low,-0.4090291168779969,-0.9602798243359231,0.5512507074579261
Inyo,Acute Composite,188.01999999999998,219.92,5,,,,,,,,,-0.05441370173230189,,
Inyo,Asthma in Younger Adults (Age 18-39),0.0,0.0,5,0.0,343.3,16.0,351.2,0.0,2.5,Low,Low,-0.7614634403928913,1.8505331138374908,-2.611996554230382
Inyo,COPD or Asthma in Older Adults (Age 40+),138.7,135.14000000000001,5,180.1,140.3,134.7,232.4,4.2,3.9,High,Low,-0.2398817004065933,-0.036979378551536636,-0.20290232185505666
Inyo,Chronic Composite,425.14,478.34,5,,,,,,,,,0.8372767249839995,,
Inyo,Community-Acquired Pneumonia,106.9,129.36,5,141.3,99.6,88.5,133.3,3.6,4.5,High,Low,-0.35946568981945753,-0.4154116861388935,0.055945996319435976
Inyo,Diabetes Composite,165.76,174.88,5,228.8,99.6,223.4,147.8,3.6,5.6,High,Low,-0.13812249432130685,-0.4154116861388935,0.27728919181758666
Inyo,Diabetes Long-term Complications,97.1,106.78,5,,,,,,,,,-0.3963186173743654,,
Inyo,Diabetes Short-term Complications,52.92,50.7,5,,,,,,,,,-0.5624576315963887,,
Inyo,Heart Failure,160.02,191.12,5,222.1,192.8,353.7,161.2,2.8,4.9,Low,High,-0.15970778046060996,0.451170403962867,-0.610878184423477
Inyo,Hypertension,15.440000000000001,17.419999999999998,5,40.4,192.8,49.0,161.5,2.2,3.0,Low,High,-0.7034012769798528,0.451170403962867,-1.1545716809427198
Inyo,Lower-Extremity Amputation (Diabetes),27.839999999999996,33.36,5,,,,,,,,,-0.6567710421144591,,
Inyo,Overall Composite,616.0,698.28,5,,,,,,,,,1.5550062916298888,,
Inyo,Uncontrolled Diabetes,11.28,12.06,5,,,,,,,,,-0.71904496867663,,
Inyo,Urinary Tract Infection,80.82000000000001,90.55999999999999,5,47.1,124.6,84.4,140.1,7.1,3.7,Low,Low,-0.4575396031492531,-0.18295940875108227,-0.27458019439817083
Kern,Acute Composite,204.6,197.8,5,,,,,,,,,0.007935434886103506,,
Kern,Asthma in Younger Adults (Age 18-39),11.959999999999999,13.780000000000001,5,16.2,192.6,16.0,351.2,3.9,2.5,High,Low,-0.7164878267646568,0.4493107857437644,-1.1657986125084212
Kern,COPD or Asthma in Older Adults (Age 40+),151.84,169.12,5,169.9,156.1,134.7,232.4,4.0,3.9,High,Low,-0.1904686934605229,0.10993046075755993,-0.30039915421808283
Kern,Chronic Composite,695.58,765.46,5,,,,,,,,,1.8542671053869877,,
Kern,Community-Acquired Pneumonia,115.94000000000001,117.35999999999999,5,114.8,83.2,88.5,133.3,4.1,4.5,High,Low,-0.32547074440146084,-0.5679003801052976,0.2424296357038368
Kern,Diabetes Composite,224.2,286.78000000000003,5,305.0,89.5,223.4,147.8,5.0,5.6,High,Low,0.08164128999591921,-0.5093224062035693,0.5909636961994885
Kern,Diabetes Long-term Complications,106.16,126.54,5,,,,,,,,,-0.36224846190013427,,
Kern,Diabetes Short-term Complications,82.88,117.85999999999999,5,,,,,,,,,-0.44979296735709906,,
Kern,Heart Failure,331.76,337.41999999999996,5,333.4,99.7,353.7,161.2,4.4,4.9,Low,Low,0.48612097242509167,-0.4144818770293422,0.9006028494544338
Kern,Hypertension,35.42,42.3,5,38.4,99.9,49.0,161.5,2.9,3.0,Low,Low,-0.6282664308015814,-0.4126222588102397,-0.21564417199134173
Kern,Lower-Extremity Amputation (Diabetes),33.04,42.08,5,,,,,,,,,-0.6372164274934877,,
Kern,Overall Composite,899.96,963.26,5,,,,,,,,,2.622838670047403,,
Kern,Uncontrolled Diabetes,20.14,24.4,5,,,,,,,,,-0.6857269137647439,,
Kern,Urinary Tract Infection,88.1,80.46000000000001,5,81.5,92.2,84.4,140.1,4.0,3.7,Low,Low,-0.4301631426798931,-0.4842175602456856,0.05405441756579249
Kings,Acute Composite,196.22,156.16,5,,,,,,,,,-0.023577578676154426,,
Kings,Asthma in Younger Adults (Age 18-39),21.275000000000002,18.725,5,18.9,139.8,16.0,351.2,4.2,2.5,High,Low,-0.6814587430734357,-0.041628424099292856,-0.6398303189741428
Kings,COPD or Asthma in Older Adults (Age 40+),189.12,159.38,5,132.0,125.0,134.7,232.4,5.1,3.9,Low,Low,-0.05027714863940398,-0.17924017231287723,0.12896302367347323
Kings,Chronic Composite,746.8,669.5,5,,,,,,,,,2.046880059403557,,
Kings,Community-Acquired Pneumonia,107.2,89.74000000000001,5,90.2,64.8,88.5,133.3,5.3,4.5,High,Low,-0.35833753897593995,-0.7389852562627268,0.38064771728678687
Kings,Diabetes Composite,214.88000000000002,237.48000000000002,5,229.5,68.4,223.4,147.8,7.0,5.6,High,Low,0.04659340379063962,-0.7055121283188819,0.7521055321095215
Kings,Diabetes Long-term Complications,106.85999999999999,109.62,5,,,,,,,,,-0.3596161099319266,,
Kings,Diabetes Short-term Complications,63.5,81.74,5,,,,,,,,,-0.5226715118483353,,
Kings,Heart Failure,366.15999999999997,304.24,5,333.2,73.7,353.7,161.2,5.1,4.9,Low,Low,0.6154822691484416,-0.6562322455126659,1.2717145146611075
Kings,Hypertension,37.9,36.14,5,36.6,74.8,49.0,161.5,3.6,3.0,Low,Low,-0.6189403838285027,-0.6460043453076023,0.02706396147909962
Kings,Lower-Extremity Amputation (Diabetes),46.4,50.36,5,,,,,,,,,-0.5869761099288378,,
Kings,Overall Composite,944.5600000000001,825.6600000000001,5,,,,,,,,,2.7905570954503514,,
Kings,Uncontrolled Diabetes,28.559999999999995,26.580000000000002,5,,,,,,,,,-0.6540634800900169,,
Kings,Urinary Tract Infection,88.8,66.47999999999999,5,50.0,72.4,84.4,140.1,4.5,3.7,Low,Low,-0.42753079071168537,-0.6683197639368321,0.24078897322514675
Lake,Acute Composite,189.28,257.14,5,,,,,,,,,-0.04967546818952795,,
Lake,Asthma in Younger Adults (Age 18-39),14.05,12.4,5,6.3,158.7,16.0,351.2,3.0,2.5,Low,Low,-0.7086283758881509,0.13410549760589224,-0.842733873494043
Lake,COPD or Asthma in Older Adults (Age 40+),206.68,236.74,5,258.2,67.4,134.7,232.4,4.4,3.9,High,Low,0.015757280734492164,-0.7148102194143944,0.7305675001488865
Lake,Chronic Composite,615.54,855.96,5,,,,,,,,,1.553276460336495,,
Lake,Community-Acquired Pneumonia,99.0,137.78,5,149.1,47.3,88.5,133.3,4.5,4.5,High,Low,-0.38917366203208736,-0.9017018504341947,0.5125281884021073
Lake,Diabetes Composite,189.82,256.02,5,279.4,46.6,223.4,147.8,5.7,5.6,High,Low,-0.04764479667119632,-0.9082105142010535,0.8605657175298571
Lake,Diabetes Long-term Complications,82.06,116.34,5,,,,,,,,,-0.4528765796627138,,
Lake,Diabetes Short-term Complications,86.02000000000001,102.5,5,,,,,,,,,-0.4379849885282816,,
Lake,Heart Failure,274.38,403.18,5,439.8,69.3,353.7,161.2,4.6,4.9,High,Low,0.2703433210882944,-0.6971438463329208,0.9674871674212152
Lake,Hypertension,19.66,27.060000000000002,5,28.3,66.2,49.0,161.5,2.7,3.0,Low,Low,-0.687531955114372,-0.7259679287290093,0.03843597361463724
Lake,Lower-Extremity Amputation (Diabetes),23.22,35.68,5,,,,,,,,,-0.6741445651046301,,
Lake,Overall Composite,804.54,1113.1,5,,,,,,,,,2.2640114917525755,,
Lake,Uncontrolled Diabetes,15.66,22.139999999999997,5,,,,,,,,,-0.7025739663612732,,
Lake,Urinary Tract Infection,90.48,119.38,5,152.9,52.2,84.4,140.1,3.8,3.7,High,Low,-0.4212131459879868,-0.8561412040661837,0.43492805807819684
Lassen,Acute Composite,256.84000000000003,262.21999999999997,5,,,,,,,,,0.20438410177063293,,
Lassen,Asthma in Younger Adults (Age 18-39),36.0,27.85,5,10.4,95.5,16.0,351.2,7.0,2.5,Low,Low,-0.6260853391707808,-0.45353385963049453,-0.17255147954028627
Lassen,COPD or Asthma in Older Adults (Age 40+),185.54000000000002,192.14000000000001,5,230.8,65.9,134.7,232.4,4.7,3.9,High,Low,-0.06373974870538048,-0.728757356057663,0.6650176073522825
Lassen,Chronic Composite,342.71999999999997,389.12,5,,,,,,,,,0.5273360832416009,,
Lassen,Community-Acquired Pneumonia,150.07999999999998,161.16,5,170.7,39.0,88.5,133.3,4.5,4.5,High,Low,-0.19708717840915949,-0.978876006526948,0.7817888281177885
Lassen,Diabetes Composite,72.16,91.0,5,102.4,39.0,223.4,147.8,7.7,5.6,Low,Low,-0.4901055574987942,-0.978876006526948,0.48877044902815375
Lassen,Diabetes Long-term Complications,40.3,50.06,5,,,,,,,,,-0.609915177080362,,
Lassen,Diabetes Short-term Complications,22.759999999999998,29.8,5,,,,,,,,,-0.6758743963980237,,
Lassen,Heart Failure,152.42000000000002,171.8,5,162.1,39.0,353.7,161.2,4.5,4.9,Low,Low,-0.18828760182972218,-0.978876006526948,0.7905884046972258
Lassen,Hypertension,4.1,4.8,5,4.3,39.0,49.0,161.5,4.0,3.0,Low,Low,-0.7460453788648176,-0.978876006526948,0.23283062766213036
Lassen,Lower-Extremity Amputation (Diabetes),5.46,7.239999999999999,5,,,,,,,,,-0.7409310950408712,,
Lassen,Overall Composite,586.9399999999999,651.3399999999999,5,,,,,,,,,1.4457260799211515,,
Lassen,Uncontrolled Diabetes,8.82,10.28,5,,,,,,,,,-0.7282958055934743,,
Lassen,Urinary Tract Infection,105.46,101.02000000000001,5,110.9,47.2,84.4,140.1,3.9,3.7,High,Low,-0.364880813868342,-0.9026316595437459,0.5377508456754039
Los Angeles,Acute Composite,188.51999999999998,153.32,5,,,,,,,,,-0.05253345032643924,,
Los Angeles,Asthma in Younger Adults (Age 18-39),17.78,16.0,5,18.3,348.3,16.0,351.2,2.5,2.5,High,Low,-0.6946017004004156,1.897023569315053,-2.5916252697154687
Los Angeles,COPD or Asthma in Older Adults (Age 40+),165.92000000000002,127.44000000000001,5,142.3,234.7,134.7,232.4,4.0,3.9,High,High,-0.13752081387143072,0.8407604208648385,-0.9782812347362693
Los Angeles,Chronic Composite,757.3,690.4399999999999,5,,,,,,,,,2.0863653389266723,,
Los Angeles,Community-Acquired Pneumonia,89.02000000000001,71.03999999999999,5,81.4,135.4,88.5,133.3,4.8,4.5,Low,High,-0.4267034800931057,-0.08254002491954769,-0.344163455173558
Los Angeles,Diabetes Composite,221.56,218.85999999999999,5,238.6,151.1,223.4,147.8,5.5,5.6,High,High,0.07171356257296449,0.06344000527999767,0.008273557292966818
Los Angeles,Diabetes Long-term Complications,109.55999999999999,106.88,5,,,,,,,,,-0.3494627523402683,,
Los Angeles,Diabetes Short-term Complications,64.66,64.9,5,,,,,,,,,-0.518309328586734,,
Los Angeles,Heart Failure,362.94,337.04,5,376.9,160.6,353.7,161.2,4.9,4.9,High,Low,0.6033734500946863,0.15177187068736595,0.4516015794073204
Los Angeles,Hypertension,55.8,52.220000000000006,5,59.3,160.6,49.0,161.5,2.9,3.0,High,Low,-0.55162738349862,0.15177187068736595,-0.7033992541859859
Los Angeles,Lower-Extremity Amputation (Diabetes),32.1,32.17999999999999,5,,,,,,,,,-0.6407513001365094,,
Los Angeles,Overall Composite,948.0200000000001,843.76,5,,,,,,,,,2.8035684351789207,,
Los Angeles,Uncontrolled Diabetes,33.38,31.880000000000003,5,,,,,,,,,-0.635937856537501,,
Los Angeles,Urinary Tract Infection,99.42,82.28,5,89.0,139.7,84.4,140.1,3.5,3.7,High,Low,-0.3875942508511627,-0.04255823320884432,-0.3450360176423184
Madera,Acute Composite,209.61999999999998,216.5,5,,,,,,,,,0.026813159000964405,,
Madera,Asthma in Younger Adults (Age 18-39),10.775,11.975,5,22.5,109.9,16.0,351.2,3.5,2.5,High,Low,-0.7209440225965512,-0.31964134785511517,-0.40130267474143605
Madera,COPD or Asthma in Older Adults (Age 40+),186.45999999999998,195.12,5,251.2,76.6,134.7,232.4,5.0,3.9,High,Low,-0.060280086118593354,-0.62926778133568,0.5689876952170866
Madera,Chronic Composite,681.14,745.8399999999999,5,,,,,,,,,1.7999654447856743,,
Madera,Community-Acquired Pneumonia,105.25999999999999,112.94000000000001,5,140.4,45.5,88.5,133.3,5.1,4.5,High,Low,-0.3656329144306871,-0.9184384144061171,0.5528054999754299
Madera,Diabetes Composite,207.1,258.36,5,294.3,50.0,223.4,147.8,6.6,5.6,High,Low,0.017336691915416737,-0.8765970044763111,0.8939336963917278
Madera,Diabetes Long-term Complications,107.17999999999999,130.2,5,,,,,,,,,-0.3584127490321745,,
Madera,Diabetes Short-term Complications,59.02,77.32000000000001,5,,,,,,,,,-0.5395185644448645,,
Madera,Heart Failure,315.28000000000003,326.12,5,368.2,56.4,353.7,161.2,4.9,4.9,High,Low,0.424147886087859,-0.8170892214650313,1.2412371075528903
Madera,Hypertension,35.8,41.8,5,59.7,58.4,49.0,161.5,2.7,3.0,High,Low,-0.6268374397331258,-0.7984930392740064,0.1716555995408806
Madera,Lower-Extremity Amputation (Diabetes),46.160000000000004,59.48,5,,,,,,,,,-0.5878786306036519,,
Madera,Overall Composite,889.96,962.32,5,,,,,,,,,2.58523364193015,,
Madera,Uncontrolled Diabetes,21.34,25.76,5,,,,,,,,,-0.6812143103906736,,
Madera,Urinary Tract Infection,105.02000000000001,103.55999999999999,5,114.3,49.8,84.4,140.1,3.4,3.7,High,Low,-0.3665354351055011,-0.8784566226954136,0.5119211875899126
Marin,Acute Composite,109.94000000000001,104.97999999999999,5,,,,,,,,,-0.3480337612718126,,
Marin,Asthma in Younger Adults (Age 18-39),7.65,4.65,5,9.4,830.9,16.0,351.2,2.2,2.5,Low,High,-0.7326955938831928,6.384282332009361,-7.116977925892554
Marin,COPD or Asthma in Older Adults (Age 40+),96.38,60.56,5,58.9,296.5,134.7,232.4,4.1,3.9,Low,High,-0.39902617939880763,1.415382450567508,-1.8144086299663158
Marin,Chronic Composite,437.14,367.54,5,,,,,,,,,0.882402758724703,,
Marin,Community-Acquired Pneumonia,59.9,52.8,5,56.3,184.6,88.5,133.3,4.1,4.5,Low,High,-0.5362093219705463,0.3749260569796648,-0.911135378950211
Marin,Diabetes Composite,116.97999999999999,83.64,5,87.8,193.8,223.4,147.8,5.5,5.6,Low,High,-0.32155982147726664,0.4604684950583795,-0.7820283165356461
Marin,Diabetes Long-term Complications,44.38,34.160000000000004,5,,,,,,,,,-0.5945723256085228,,
Marin,Diabetes Short-term Complications,48.4,29.080000000000002,5,,,,,,,,,-0.5794551043053872,,
Marin,Heart Failure,223.78000000000003,219.56,5,246.9,229.3,353.7,161.2,4.8,4.9,Low,High,0.08006187881499476,0.7905507289490715,-0.7104888501340768
Marin,Hypertension,24.1,18.44,5,25.7,229.2,49.0,161.5,3.5,3.0,Low,High,-0.6708353226303118,0.78962091983952,-1.4604562424698317
Marin,Lower-Extremity Amputation (Diabetes),13.080000000000002,10.1,5,,,,,,,,,-0.7122760636155244,,
Marin,Overall Composite,546.2,472.5,5,,,,,,,,,1.2925231953714635,,
Marin,Uncontrolled Diabetes,18.22,14.38,5,,,,,,,,,-0.6929470791632565,,
Marin,Urinary Tract Infection,49.72,52.2,5,56.3,195.0,84.4,140.1,3.5,3.7,Low,High,-0.5744912405939098,0.4716262043729943,-1.046117444966904
Mariposa,Acute Composite,207.18,281.74,5,,,,,,,,,0.01763753214035481,,
Mariposa,Asthma in Younger Adults (Age 18-39),21.35,20.424999999999997,5,54.8,160.2,16.0,351.2,1.5,2.5,High,Low,-0.6811767053625564,0.14805263424916093,-0.8292293396117173
Mariposa,COPD or Asthma in Older Adults (Age 40+),263.7,258.26,5,214.9,57.1,134.7,232.4,3.5,3.9,High,Low,0.23018115105906828,-0.8105805576981727,1.040761708757241
Mariposa,Chronic Composite,624.3199999999999,831.0600000000001,5,,,,,,,,,1.586293675023443,,
Mariposa,Community-Acquired Pneumonia,97.6,132.38,5,201.7,42.1,88.5,133.3,4.2,4.5,High,Low,-0.3944383659685028,-0.9500519241308595,0.5556135581623567
Mariposa,Diabetes Composite,153.07999999999998,184.78,5,223.3,42.1,223.4,147.8,6.1,5.6,Low,Low,-0.1858056699739836,-0.9500519241308595,0.7642462541568759
Mariposa,Diabetes Long-term Complications,64.67999999999999,85.34,5,,,,,,,,,-0.5182341185304994,,
Mariposa,Diabetes Short-term Complications,63.519999999999996,61.02,5,,,,,,,,,-0.5225963017921008,,
Mariposa,Heart Failure,284.46,424.88,5,446.6,63.5,353.7,161.2,4.5,4.9,High,Low,0.3082491894304853,-0.7510727746868929,1.0593219641173781
Mariposa,Hypertension,17.32,22.8,5,36.0,63.5,49.0,161.5,1.8,3.0,Low,Low,-0.6963315316938092,-0.7510727746868929,0.054741242993083694
Mariposa,Lower-Extremity Amputation (Diabetes),25.759999999999998,36.980000000000004,5,,,,,,,,,-0.6645928879628478,,
Mariposa,Overall Composite,831.46,1112.78,5,,,,,,,,,2.3652442274442205,,
Mariposa,Uncontrolled Diabetes,17.259999999999998,22.759999999999998,5,,,,,,,,,-0.6965571618625128,,
Mariposa,Urinary Tract Infection,110.35999999999999,149.38,5,194.5,42.1,84.4,140.1,4.6,3.7,High,Low,-0.3464543500908881,-0.9500519241308595,0.6035975740399714
Mendocino,Acute Composite,178.68,236.45999999999998,5,,,,,,,,,-0.08953679799381603,,
Mendocino,Asthma in Younger Adults (Age 18-39),7.5,6.875,5,4.8,318.5,16.0,351.2,0.0,2.5,Low,Low,-0.7332596693049516,1.619940454668782,-2.3532001239737337
Mendocino,COPD or Asthma in Older Adults (Age 40+),89.22,97.12,5,88.4,133.3,134.7,232.4,3.2,3.9,Low,Low,-0.42595137953076073,-0.10206601622012379,-0.32388536331063694
Mendocino,Chronic Composite,478.5,636.58,5,,,,,,,,,1.037937155017661,,
Mendocino,Community-Acquired Pneumonia,102.97999999999999,140.6,5,144.5,90.5,88.5,133.3,4.1,4.5,High,Low,-0.37420686084142074,-0.5000243151080568,0.12581745426663604
Mendocino,Diabetes Composite,149.52,196.7,5,195.5,99.6,223.4,147.8,5.5,5.6,Low,Low,-0.19919305998372555,-0.4154116861388935,0.21621862615516796
Mendocino,Diabetes Long-term Complications,61.339999999999996,84.78,5,,,,,,,,,-0.5307941979216618,,
Mendocino,Diabetes Short-term Complications,65.74,77.7,5,,,,,,,,,-0.5142479855500706,,
Mendocino,Heart Failure,246.11999999999998,341.88,5,429.3,128.2,353.7,161.2,4.6,4.9,High,Low,0.16407151162893757,-0.1494862808072375,0.3135577924361751
Mendocino,Hypertension,20.64,26.96,5,39.7,130.0,49.0,161.5,3.3,3.0,Low,Low,-0.6838466623588814,-0.13274971683531497,-0.5510969455235664
Mendocino,Lower-Extremity Amputation (Diabetes),19.119999999999997,28.619999999999997,5,,,,,,,,,-0.6895626266327037,,
Mendocino,Overall Composite,657.32,873.0799999999999,5,,,,,,,,,1.7103902678103782,,
Mendocino,Uncontrolled Diabetes,15.62,20.44,5,,,,,,,,,-0.7027243864737422,,
Mendocino,Urinary Tract Infection,75.28,95.88,5,75.1,101.8,84.4,140.1,3.4,3.7,Low,Low,-0.4783727887262113,-0.3949558857287661,-0.0834169029974452
Merced,Acute Composite,237.08,218.06,5,,,,,,,,,0.13007656621094107,,
Merced,Asthma in Younger Adults (Age 18-39),14.0,14.2,5,15.8,113.3,16.0,351.2,2.7,2.5,Low,Low,-0.7088164010287372,-0.2880278381303729,-0.4207885628983643
Merced,COPD or Asthma in Older Adults (Age 40+),190.02,186.74,5,173.6,94.3,134.7,232.4,3.7,3.9,High,Low,-0.046892696108851196,-0.4646915689451095,0.4177988728362583
Merced,Chronic Composite,909.18,934.4399999999999,5,,,,,,,,,2.65751050597151,,
Merced,Community-Acquired Pneumonia,145.44,136.2,5,149.3,52.0,88.5,133.3,4.4,4.5,High,Low,-0.21453591145556478,-0.8580008222852862,0.6434649108297215
Merced,Diabetes Composite,278.12,334.3,5,331.1,57.0,223.4,147.8,5.9,5.6,High,Low,0.284407601604147,-0.8115103668077239,1.095917968411871
Merced,Diabetes Long-term Complications,134.2,151.82,5,,,,,,,,,-0.2568039630593571,,
Merced,Diabetes Short-term Complications,88.76,118.32000000000001,5,,,,,,,,,-0.42768121082415433,,
Merced,Heart Failure,450.43999999999994,435.76000000000005,5,455.9,57.8,353.7,161.2,4.7,4.9,High,Low,0.9324174461206493,-0.804071893931314,1.7364893400519632
Merced,Hypertension,51.08,56.839999999999996,5,49.8,60.3,49.0,161.5,2.6,3.0,High,Low,-0.5693769567699635,-0.7808266661925328,0.21144970942256935
Merced,Lower-Extremity Amputation (Diabetes),48.8,58.160000000000004,5,,,,,,,,,-0.577950903180697,,
Merced,Overall Composite,1148.8799999999999,1152.48,5,,,,,,,,,3.558903029942062,,
Merced,Uncontrolled Diabetes,33.06,37.239999999999995,5,,,,,,,,,-0.6371412174372532,,
Merced,Urinary Tract Infection,90.96000000000001,81.88,5,87.1,57.6,84.4,140.1,3.7,3.7,High,Low,-0.41940810463835865,-0.8059315121504165,0.3865234075120578
Modoc,Acute Composite,285.28000000000003,492.18,5,,,,,,,,,0.31133280173610023,,
Modoc,Asthma in Younger Adults (Age 18-39),8.68,11.08,5,0.0,572.8,16.0,351.2,0.0,2.5,Low,High,-0.7288222759871157,3.984445020257598,-4.713267296244713
Modoc,COPD or Asthma in Older Adults (Age 40+),170.48,248.56,5,388.7,196.0,134.7,232.4,4.1,3.9,High,Low,-0.12037292104996349,0.4809242954685068,-0.6012972165184702
Modoc,Chronic Composite,316.38,554.74,5,,,,,,,,,0.4282844391807567,,
Modoc,Community-Acquired Pneumonia,168.54000000000002,296.12,5,318.6,146.1,88.5,133.3,4.0,4.5,High,High,-0.12766829650471043,0.01694954980243542,-0.14461784630714586
Modoc,Diabetes Composite,84.66,134.8,5,57.9,146.1,223.4,147.8,2.5,5.6,Low,Low,-0.44309927235222807,0.01694954980243542,-0.4600488221546635
Modoc,Diabetes Long-term Complications,28.060000000000002,48.760000000000005,5,,,,,,,,,-0.6559437314958796,,
Modoc,Diabetes Short-term Complications,43.68,54.44,5,,,,,,,,,-0.5972046775767305,,
Modoc,Heart Failure,110.02000000000001,207.0,5,159.3,197.2,353.7,161.2,4.7,4.9,Low,High,-0.3477329210468746,0.4920820047831216,-0.8398149258299962
Modoc,Hypertension,15.219999999999999,25.839999999999996,5,14.5,197.2,49.0,161.5,3.0,3.0,Low,High,-0.7042285875984323,0.4920820047831216,-1.196310592381554
Modoc,Lower-Extremity Amputation (Diabetes),7.8,11.52,5,,,,,,,,,-0.732131518461434,,
Modoc,Overall Composite,599.74,1046.96,5,,,,,,,,,1.4938605159112357,,
Modoc,Uncontrolled Diabetes,15.080000000000002,28.72,5,,,,,,,,,-0.7047550579920738,,
Modoc,Urinary Tract Infection,115.35999999999999,196.08,5,318.6,146.1,84.4,140.1,4.9,3.7,High,High,-0.3276518360322616,0.01694954980243542,-0.344601385834697
Mono,Acute Composite,121.47999999999999,90.34,5,,,,,,,,,-0.30463755882450283,,
Mono,Asthma in Younger Adults (Age 18-39),21.02,14.84,5,25.6,344.5,16.0,351.2,5.0,2.5,High,Low,-0.6824176712904256,1.8616908231521057,-2.5441084944425314
Mono,COPD or Asthma in Older Adults (Age 40+),63.8,40.225,5,14.5,194.6,134.7,232.4,2.0,3.9,Low,Low,-0.5215433610048176,0.46790696793478925,-0.9894503289396068
Mono,Chronic Composite,271.9,219.44,5,,,,,,,,,0.26101727411521564,,
Mono,Community-Acquired Pneumonia,50.519999999999996,38.739999999999995,5,46.3,97.6,88.5,133.3,4.4,4.5,Low,Low,-0.5714828383445296,-0.43400786832991844,-0.13747497001461118
Mono,Diabetes Composite,111.3,96.02000000000001,5,64.8,83.3,223.4,147.8,3.7,5.6,Low,Low,-0.34291947744786627,-0.5669705709957464,0.22405109354788016
Mono,Diabetes Long-term Complications,42.1,36.92,5,,,,,,,,,-0.6031462720192565,,
Mono,Diabetes Short-term Complications,49.64,42.519999999999996,5,,,,,,,,,-0.5747920808188478,,
Mono,Heart Failure,103.2,84.64,5,64.8,178.6,353.7,161.2,3.9,4.9,Low,High,-0.37337955022284114,0.31913751040659005,-0.6925170606294312
Mono,Hypertension,5.14,3.7,5,18.5,178.6,49.0,161.5,2.0,3.0,Low,High,-0.7421344559406233,0.31913751040659005,-1.0612719663472134
Mono,Lower-Extremity Amputation (Diabetes),21.759999999999998,20.32,5,,,,,,,,,-0.679634899209749,,
Mono,Overall Composite,390.82,309.8,5,,,,,,,,,0.7082162684855875,,
Mono,Uncontrolled Diabetes,9.1,7.359999999999999,5,,,,,,,,,-0.7272428648061912,,
Mono,Urinary Tract Infection,72.1,51.64,5,64.8,109.4,84.4,140.1,2.4,3.7,Low,Low,-0.4903311876674977,-0.3242903934028714,-0.1660407942646263
Monterey,Acute Composite,232.58,200.6,5,,,,,,,,,0.11315430355817725,,
Monterey,Asthma in Younger Adults (Age 18-39),23.700000000000003,20.46,5,24.1,292.1,16.0,351.2,2.4,2.5,High,Low,-0.6723395237550019,1.3744708497472535,-2.0468103735022556
Monterey,COPD or Asthma in Older Adults (Age 40+),151.28,125.24000000000001,5,132.1,197.3,134.7,232.4,3.3,3.9,Low,Low,-0.19257457503508907,0.49301181389267307,-0.6855863889277621
Monterey,Chronic Composite,787.9399999999999,673.12,5,,,,,,,,,2.2015871450779354,,
Monterey,Community-Acquired Pneumonia,101.12,89.22,5,109.0,115.6,88.5,133.3,4.2,4.5,High,Low,-0.3812013960712297,-0.2666422286106943,-0.1145591674605354
Monterey,Diabetes Composite,234.21999999999997,215.24,5,242.0,127.0,223.4,147.8,5.2,5.6,High,Low,0.11932152816940658,-0.16064399012185232,0.27996551829125893
Monterey,Diabetes Long-term Complications,117.97999999999999,105.0,5,,,,,,,,,-0.31779931866554134,,
Monterey,Diabetes Short-term Complications,60.17999999999999,60.06,5,,,,,,,,,-0.5351563811832631,,
Monterey,Heart Failure,394.65999999999997,329.94,5,374.1,143.1,353.7,161.2,4.5,4.9,High,Low,0.7226565992826125,-0.01094472348410193,0.7336013227667144
Monterey,Hypertension,51.86,45.58,5,49.5,141.4,49.0,161.5,2.5,3.0,High,Low,-0.5664437645768176,-0.02675147834647299,-0.5396922862303446
Monterey,Lower-Extremity Amputation (Diabetes),39.32,36.18,5,,,,,,,,,-0.6136004698358528,,
Monterey,Overall Composite,1021.1200000000001,873.74,5,,,,,,,,,3.0784611907160397,,
Monterey,Uncontrolled Diabetes,39.2,32.72,5,,,,,,,,,-0.6140517301732599,,
Monterey,Urinary Tract Infection,132.76,111.38,5,125.2,122.2,84.4,140.1,3.7,3.7,High,Low,-0.2622190871082415,-0.20527482738031208,-0.05694425972792941
Napa,Acute Composite,133.01999999999998,121.25999999999999,5,,,,,,,,,-0.261241356377193,,
Napa,Asthma in Younger Adults (Age 18-39),8.899999999999999,6.2250000000000005,5,11.3,415.1,16.0,351.2,1.8,2.5,Low,High,-0.7279949653685361,2.518136054495285,-3.246131019863821
Napa,COPD or Asthma in Older Adults (Age 40+),104.52000000000001,70.72,5,80.0,202.0,134.7,232.4,3.5,3.9,Low,Low,-0.3684156865113637,0.5367128420415814,-0.9051285285529451
Napa,Chronic Composite,589.8399999999999,493.76000000000005,5,,,,,,,,,1.4566315380751549,,
Napa,Community-Acquired Pneumonia,71.1,62.220000000000006,5,70.5,128.1,88.5,133.3,3.2,4.5,Low,Low,-0.494091690479223,-0.1504160899167887,-0.3436756005624343
Napa,Diabetes Composite,213.35999999999999,160.6,5,196.6,147.4,223.4,147.8,4.5,5.6,Low,Low,0.040877439516817035,0.029037068226601712,0.011840371290215323
Napa,Diabetes Long-term Complications,95.7,75.24,5,,,,,,,,,-0.4015833213107808,,
Napa,Diabetes Short-term Complications,73.46000000000001,51.67999999999999,5,,,,,,,,,-0.4852169038435513,,
Napa,Heart Failure,276.54,264.04,5,295.8,163.3,353.7,161.2,4.1,4.9,Low,High,0.2784660071616211,0.17687671664524973,0.10158929051637139
Napa,Hypertension,28.120000000000005,20.22,5,18.5,166.6,49.0,161.5,1.9,3.0,Low,High,-0.6557181013271761,0.20756041726044067,-0.8632785185876168
Napa,Lower-Extremity Amputation (Diabetes),40.980000000000004,31.3,5,,,,,,,,,-0.6073580351683887,,
Napa,Overall Composite,721.0600000000001,615.04,5,,,,,,,,,1.9500847170297484,,
Napa,Uncontrolled Diabetes,22.0,16.72,5,,,,,,,,,-0.6787323785349348,,
Napa,Urinary Tract Infection,61.54,59.04,5,58.4,146.5,84.4,140.1,2.6,3.7,Low,High,-0.5300420973593168,0.020668786240640453,-0.5507108835999573
Nevada,Acute Composite,155.3,180.0,5,,,,,,,,,-0.17745735373195334,,
Nevada,Asthma in Younger Adults (Age 18-39),10.125,6.9,5,0.0,451.1,16.0,351.2,0.0,2.5,Low,High,-0.7233883494241727,2.852867333933733,-3.5762556833579056
Nevada,COPD or Asthma in Older Adults (Age 40+),102.12,80.92,5,58.3,151.9,134.7,232.4,3.1,3.9,Low,Low,-0.3774408932595044,0.07087847815640774,-0.44831937141591216
Nevada,Chronic Composite,519.4,570.8,5,,,,,,,,,1.1917417200172256,,
Nevada,Community-Acquired Pneumonia,87.97999999999999,99.72,5,96.6,101.1,88.5,133.3,3.8,4.5,High,Low,-0.43061440301730014,-0.4014645494956249,-0.029149853521675262
Nevada,Diabetes Composite,158.02,157.28,5,203.8,112.8,223.4,147.8,5.1,5.6,Low,Low,-0.16722878608406055,-0.29267688367812916,0.1254480975940686
Nevada,Diabetes Long-term Complications,63.5,67.86,5,,,,,,,,,-0.5226715118483353,,
Nevada,Diabetes Short-term Complications,68.72,58.48,5,,,,,,,,,-0.5030416871711292,,
Nevada,Heart Failure,260.96,322.56,5,324.0,144.7,353.7,161.2,4.5,4.9,Low,Low,0.21987737335494092,0.0039322222687179385,0.21594515108622298
Nevada,Hypertension,29.119999999999997,28.880000000000003,5,35.3,142.8,49.0,161.5,2.7,3.0,Low,Low,-0.6519575985154508,-0.013734150812755508,-0.6382234477026952
Nevada,Lower-Extremity Amputation (Diabetes),27.580000000000002,30.52,5,,,,,,,,,-0.6577487728455077,,
Nevada,Overall Composite,674.96,750.78,5,,,,,,,,,1.7767255374092121,,
Nevada,Uncontrolled Diabetes,17.419999999999998,17.6,5,,,,,,,,,-0.6959554814126367,,
Nevada,Urinary Tract Infection,67.36,80.25999999999999,5,84.8,119.6,84.4,140.1,2.9,3.7,High,Low,-0.5081559709950756,-0.22944986422864452,-0.27870610676643104
Orange,Acute Composite,161.64000000000001,127.28,5,,,,,,,,,-0.153615765905615,,
Orange,Asthma in Younger Adults (Age 18-39),11.74,8.76,5,10.2,431.6,16.0,351.2,2.7,2.5,Low,High,-0.7173151373832364,2.6715545575712403,-3.3888696949544768
Orange,COPD or Asthma in Older Adults (Age 40+),110.35999999999999,75.67999999999999,5,83.5,260.4,134.7,232.4,4.0,3.9,Low,High,-0.3464543500908881,1.0797213620195083,-1.4261757121103964
Orange,Chronic Composite,590.6,465.2,5,,,,,,,,,1.4594895202120666,,
Orange,Community-Acquired Pneumonia,79.12,61.660000000000004,5,72.5,152.3,88.5,133.3,4.3,4.5,Low,High,-0.46393245792918614,0.07459771459461277,-0.5385301725237989
Orange,Diabetes Composite,201.06,161.02,5,182.3,168.1,223.4,147.8,5.4,5.6,Low,High,-0.005376745067403999,0.22150755390370933,-0.2268842989711133
Orange,Diabetes Long-term Complications,105.34,84.02000000000001,5,,,,,,,,,-0.365332074205749,,
Orange,Diabetes Short-term Complications,51.9,43.12,5,,,,,,,,,-0.5662933444643486,,
Orange,Heart Failure,270.43999999999994,224.21999999999997,5,250.6,178.1,353.7,161.2,4.8,4.9,Low,High,0.25552694001009657,0.31448846485883386,-0.05896152484873729
Orange,Hypertension,41.339999999999996,29.68,5,32.7,177.6,49.0,161.5,2.8,3.0,Low,High,-0.6060042541561677,0.3098394193110776,-0.9158436734672453
Orange,Lower-Extremity Amputation (Diabetes),31.32,25.660000000000004,5,,,,,,,,,-0.6436844923296552,,
Orange,Overall Composite,752.7,592.5,5,,,,,,,,,2.0690670259927364,,
Orange,Uncontrolled Diabetes,30.339999999999996,22.419999999999998,5,,,,,,,,,-0.6473697850851459,,
Orange,Urinary Tract Infection,82.2,65.6,5,76.7,160.5,84.4,140.1,3.5,3.7,Low,High,-0.45235010926907226,0.15084206157781477,-0.603192170846887
Placer,Acute Composite,163.3,137.9,5,,,,,,,,,-0.147373331238151,,
Placer,Asthma in Younger Adults (Age 18-39),20.06,11.940000000000001,5,14.3,581.8,16.0,351.2,2.9,2.5,Low,High,-0.686027753989682,4.06812784011721,-4.7541555941068925
Placer,COPD or Asthma in Older Adults (Age 40+),142.82,83.14,5,87.3,267.1,134.7,232.4,3.5,3.9,Low,High,-0.22438842882228507,1.1420185723594423,-1.3664070011817273
Placer,Chronic Composite,666.36,493.38,5,,,,,,,,,1.7443852132283746,,
Placer,Community-Acquired Pneumonia,93.03999999999999,70.46000000000001,5,85.4,175.8,88.5,133.3,3.8,4.5,Low,High,-0.4115862587899701,0.29310285533915537,-0.7046891141291255
Placer,Diabetes Composite,209.21999999999997,136.32,5,154.9,198.3,223.4,147.8,5.6,5.6,Low,High,0.02530895787627427,0.5023099049881855,-0.4770009471119112
Placer,Diabetes Long-term Complications,85.4,59.1,5,,,,,,,,,-0.4403165002715513,,
Placer,Diabetes Short-term Complications,80.12,45.12,5,,,,,,,,,-0.46017195511746084,,
Placer,Heart Failure,318.9,269.7,5,299.9,232.2,353.7,161.2,4.8,4.9,Low,High,0.4377609062663044,0.8175151931260574,-0.379754286859753
Placer,Hypertension,38.019999999999996,26.78,5,34.9,233.7,49.0,161.5,2.8,3.0,Low,High,-0.6184891234910957,0.8314623297693261,-1.4499514532604219
Placer,Lower-Extremity Amputation (Diabetes),40.2,27.139999999999997,5,,,,,,,,,-0.6102912273615346,,
Placer,Overall Composite,828.46,631.3,5,,,,,,,,,2.3539627190090444,,
Placer,Uncontrolled Diabetes,24.36,17.94,5,,,,,,,,,-0.6698575918992631,,
Placer,Urinary Tract Infection,70.72,67.44,5,78.5,195.7,84.4,140.1,3.8,3.7,Low,High,-0.49552068154767864,0.4781348681398529,-0.9736555496875315
Plumas,Acute Composite,254.34,328.38,5,,,,,,,,,0.19498284474131958,,
Plumas,Asthma in Younger Adults (Age 18-39),17.439999999999998,15.419999999999998,5,26.7,427.4,16.0,351.2,2.0,2.5,High,High,-0.6958802713564022,2.6325025749700877,-3.3283828463264897
Plumas,COPD or Asthma in Older Adults (Age 40+),169.38,163.82,5,189.4,132.0,134.7,232.4,2.8,3.9,High,Low,-0.12450947414286129,-0.11415353464429008,-0.010355939498571207
Plumas,Chronic Composite,313.08,410.76000000000005,5,,,,,,,,,0.4158747799020632,,
Plumas,Community-Acquired Pneumonia,141.07999999999998,186.5,5,207.6,100.9,88.5,133.3,2.3,4.5,High,Low,-0.2309317037146871,-0.40332416771472723,0.17239246400004013
Plumas,Diabetes Composite,93.46000000000001,111.96,5,113.2,100.9,223.4,147.8,5.5,5.6,Low,Low,-0.41000684760904543,-0.40332416771472723,-0.0066826798943182
Plumas,Diabetes Long-term Complications,39.9,52.42,5,,,,,,,,,-0.6114193782050521,,
Plumas,Diabetes Short-term Complications,36.04,33.38,5,,,,,,,,,-0.6259349190583118,,
Plumas,Heart Failure,110.67999999999999,160.72,5,251.6,144.0,353.7,161.2,3.4,4.9,Low,Low,-0.34525098919113595,-0.0025764414981406716,-0.34267454769299527
Plumas,Hypertension,8.059999999999999,9.919999999999998,5,6.3,144.0,49.0,161.5,5.0,3.0,Low,Low,-0.7311537877303854,-0.0025764414981406716,-0.7285773462322448
Plumas,Lower-Extremity Amputation (Diabetes),13.180000000000001,18.78,5,,,,,,,,,-0.7119000133343519,,
Plumas,Overall Composite,565.26,739.14,5,,,,,,,,,1.3641983789629475,,
Plumas,Uncontrolled Diabetes,12.56,16.1,5,,,,,,,,,-0.7142315250776217,,
Plumas,Urinary Tract Infection,113.42,141.92000000000002,5,213.9,100.9,84.4,140.1,3.0,3.7,High,Low,-0.3349472114870086,-0.40332416771472723,0.06837695622771861
Riverside,Acute Composite,208.4,175.6,5,,,,,,,,,0.022225345570659662,,
Riverside,Asthma in Younger Adults (Age 18-39),17.82,15.98,5,16.4,245.9,16.0,351.2,2.5,2.5,High,Low,-0.6944512802879467,0.9448990411345781,-1.639350321422525
Riverside,COPD or Asthma in Older Adults (Age 40+),144.4,115.34,5,122.7,160.8,134.7,232.4,3.5,3.9,Low,Low,-0.21844683437975906,0.1536314889064686,-0.3720783232862277
Riverside,Chronic Composite,802.08,686.5799999999999,5,,,,,,,,,2.2547606548357315,,
Riverside,Community-Acquired Pneumonia,111.05999999999999,94.34,5,104.0,93.0,88.5,133.3,4.3,4.5,High,Low,-0.3438219981226804,-0.47677908736927566,0.13295708924659527
Riverside,Diabetes Composite,257.62,237.38000000000002,5,251.2,103.7,223.4,147.8,5.3,5.6,High,Low,0.20731729396377854,-0.37728951264729244,0.584606806611071
Riverside,Diabetes Long-term Complications,128.22,115.85999999999999,5,,,,,,,,,-0.2792917698734743,,
Riverside,Diabetes Short-term Complications,79.02000000000001,77.82000000000001,5,,,,,,,,,-0.4643085082103587,,
Riverside,Heart Failure,383.74,322.18,5,353.2,114.2,353.7,161.2,4.4,4.9,Low,Low,0.6815919085785724,-0.2796595561444117,0.9612514647229842
Riverside,Hypertension,57.42,51.36,5,61.1,115.3,49.0,161.5,2.6,3.0,High,Low,-0.545535368943625,-0.26943165593934804,-0.27610371300427694
Riverside,Lower-Extremity Amputation (Diabetes),38.3,35.5,5,,,,,,,,,-0.6174361827038125,,
Riverside,Overall Composite,1010.74,862.18,5,,,,,,,,,3.0394271715303307,,
Riverside,Uncontrolled Diabetes,33.96,28.1,5,,,,,,,,,-0.6337567649067003,,
Riverside,Urinary Tract Infection,97.66,81.22,5,88.0,97.8,84.4,140.1,3.7,3.7,High,Low,-0.39421273579979926,-0.4321482501108159,0.03793551431101666
STATEWIDE,Acute Composite,183.0,153.68,5,,,,,,,,,-0.07329142584716279,,
STATEWIDE,Asthma in Younger Adults (Age 18-39),16.4,13.98,5,,,,,,,,,-0.6997911942805964,,
STATEWIDE,COPD or Asthma in Older Adults (Age 40+),161.28,125.25999999999999,5,,,,,,,,,-0.15496954691783613,,
STATEWIDE,Chronic Composite,749.1600000000001,652.24,5,,,,,,,,,2.055754846039229,,
STATEWIDE,Community-Acquired Pneumonia,92.5,76.96000000000001,5,,,,,,,,,-0.41361693030830177,,
STATEWIDE,Diabetes Composite,223.11999999999998,206.4,5,,,,,,,,,0.07757994695925585,,
STATEWIDE,Diabetes Long-term Complications,107.08,97.22,5,,,,,,,,,-0.358788799313347,,
STATEWIDE,Diabetes Short-term Complications,69.66,67.14,5,,,,,,,,,-0.49950681452810747,,
STATEWIDE,Heart Failure,364.58,321.84000000000003,5,,,,,,,,,0.6095406747059158,,
STATEWIDE,Hypertension,49.4,43.32,5,,,,,,,,,-0.5756946014936618,,
STATEWIDE,Lower-Extremity Amputation (Diabetes),34.7,32.28,5,,,,,,,,,-0.6309739928260237,,
STATEWIDE,Overall Composite,933.3399999999999,805.9399999999999,5,,,,,,,,,2.748364253902793,,
STATEWIDE,Uncontrolled Diabetes,30.52,26.939999999999998,5,,,,,,,,,-0.6466928945790353,,
STATEWIDE,Urinary Tract Infection,90.32000000000001,76.74,5,,,,,,,,,-0.4218148264378629,,
Sacramento,Acute Composite,155.26,140.7,5,,,,,,,,,-0.17760777384442245,,
Sacramento,Asthma in Younger Adults (Age 18-39),22.72,21.560000000000002,5,24.6,409.4,16.0,351.2,2.2,2.5,High,High,-0.6760248165104926,2.4651369352508636,-3.141161751761356
Sacramento,COPD or Asthma in Older Adults (Age 40+),196.2,179.6,5,210.4,272.7,134.7,232.4,3.9,3.9,High,High,-0.02365278873238897,1.1940878824943115,-1.2177406712267005
Sacramento,Chronic Composite,867.1,814.12,5,,,,,,,,,2.49926854765411,,
Sacramento,Community-Acquired Pneumonia,73.2,67.14,5,81.4,149.5,88.5,133.3,4.3,4.5,Low,High,-0.48619463457459994,0.04856305952717781,-0.5347576941017778
Sacramento,Diabetes Composite,226.5,225.82,5,238.7,166.2,223.4,147.8,5.5,5.6,High,High,0.09029044646288743,0.20384118082223562,-0.11355073435934819
Sacramento,Diabetes Long-term Complications,95.46000000000001,89.26,5,,,,,,,,,-0.40248584198559484,,
Sacramento,Diabetes Short-term Complications,81.14,88.3,5,,,,,,,,,-0.4563362422495011,,
Sacramento,Heart Failure,458.26000000000005,422.56000000000006,5,474.2,185.4,353.7,161.2,5.0,4.9,High,High,0.9618245781083414,0.38236452985607483,0.5794600482522666
Sacramento,Hypertension,51.779999999999994,50.12,5,55.0,186.6,49.0,161.5,2.9,3.0,High,High,-0.5667446048017557,0.3935222391706897,-0.9602668439724453
Sacramento,Lower-Extremity Amputation (Diabetes),42.28,40.760000000000005,5,,,,,,,,,-0.6024693815131459,,
Sacramento,Overall Composite,1025.94,954.86,5,,,,,,,,,3.0965868142685555,,
Sacramento,Uncontrolled Diabetes,25.880000000000003,25.7,5,,,,,,,,,-0.6641416276254407,,
Sacramento,Urinary Tract Infection,81.9,73.58,5,81.4,160.6,84.4,140.1,4.0,3.7,Low,High,-0.45347826011258985,0.15177187068736595,-0.6052501307999558
San Benito,Acute Composite,238.61999999999998,156.42,5,,,,,,,,,0.1358677405409979,,
San Benito,Asthma in Younger Adults (Age 18-39),10.525,7.45,5,14.8,59.7,16.0,351.2,2.0,2.5,Low,Low,-0.7218841482994826,-0.7864055208498403,0.06452137255035773
San Benito,COPD or Asthma in Older Adults (Age 40+),163.88,97.38,5,84.3,39.3,134.7,232.4,2.1,3.9,Low,Low,-0.1451922396073504,-0.9760865791982943,0.8308943395909439
San Benito,Chronic Composite,783.98,519.4,5,,,,,,,,,2.1866955539435033,,
San Benito,Community-Acquired Pneumonia,96.36,60.620000000000005,5,64.5,23.7,88.5,133.3,3.4,4.5,Low,Low,-0.39910138945504214,-1.1211368002882884,0.7220354108332463
San Benito,Diabetes Composite,286.82,194.9,5,205.3,32.8,223.4,147.8,4.7,5.6,Low,Low,0.31712397606615705,-1.036524171319125,1.3536481473852822
San Benito,Diabetes Long-term Complications,139.64000000000001,95.53999999999999,5,,,,,,,,,-0.2363468277635714,,
San Benito,Diabetes Short-term Complications,86.17999999999999,60.160000000000004,5,,,,,,,,,-0.43738330807840564,,
San Benito,Heart Failure,340.74,234.92,5,285.5,38.6,353.7,161.2,4.3,4.9,Low,Low,0.5198902876743848,-0.982595242965153,1.5024855306395377
San Benito,Hypertension,45.720000000000006,27.32,5,25.4,40.6,49.0,161.5,1.8,3.0,Low,Low,-0.589533251840811,-0.9639990607741281,0.37446580893331716
San Benito,Lower-Extremity Amputation (Diabetes),60.660000000000004,39.260000000000005,5,,,,,,,,,-0.533351339833635,,
San Benito,Overall Composite,1022.54,675.8399999999999,5,,,,,,,,,3.083801104708689,,
San Benito,Uncontrolled Diabetes,27.18,17.380000000000003,5,,,,,,,,,-0.6592529739701978,,
San Benito,Urinary Tract Infection,139.35999999999999,95.78,5,86.0,32.5,84.4,140.1,3.0,3.7,High,Low,-0.2373997685508546,-1.0393135986477788,0.8019138300969242
San Bernardino,Acute Composite,232.4,191.9,5,,,,,,,,,0.11247741305206668,,
San Bernardino,Asthma in Younger Adults (Age 18-39),19.64,18.619999999999997,5,24.3,262.5,16.0,351.2,2.5,2.5,High,Low,-0.6876071651706066,1.0992473533200848,-1.7868545184906914
San Bernardino,COPD or Asthma in Older Adults (Age 40+),150.3,132.33999999999997,5,150.2,200.5,134.7,232.4,3.6,3.9,High,Low,-0.1962598677905798,0.5227657053983128,-0.7190255731888926
San Bernardino,Chronic Composite,873.76,784.3399999999999,5,,,,,,,,,2.5243134963802003,,
San Bernardino,Community-Acquired Pneumonia,124.58000000000001,105.54,5,123.8,107.6,88.5,133.3,4.4,4.5,High,Low,-0.29298000010815434,-0.34102695737479394,0.0480469572666396
San Bernardino,Diabetes Composite,274.52,288.98,5,312.0,120.0,223.4,147.8,5.6,5.6,High,Low,0.2708697914819359,-0.22573062779043948,0.4966004192723754
San Bernardino,Diabetes Long-term Complications,130.6,129.34,5,,,,,,,,,-0.27034177318156816,,
San Bernardino,Diabetes Short-term Complications,88.96000000000001,105.34,5,,,,,,,,,-0.42692911026180924,,
San Bernardino,Heart Failure,421.48,349.64,5,380.1,131.7,353.7,161.2,4.4,4.9,High,Low,0.823513284693085,-0.11694296197294392,0.940456246666029
San Bernardino,Hypertension,64.44,62.8,5,80.2,132.7,49.0,161.5,2.8,3.0,High,Low,-0.5191366392053135,-0.10764487087743146,-0.41149176832788203
San Bernardino,Lower-Extremity Amputation (Diabetes),41.839999999999996,42.98,5,,,,,,,,,-0.6041240027503051,,
San Bernardino,Overall Composite,1107.4,976.24,5,,,,,,,,,3.402917373311698,,
San Bernardino,Uncontrolled Diabetes,35.7,34.3,5,,,,,,,,,-0.6272134900142984,,
San Bernardino,Urinary Tract Infection,107.74000000000001,86.36,5,102.1,114.7,84.4,140.1,3.7,3.7,High,Low,-0.35630686745760826,-0.27501051059665543,-0.08129635686095282
San Diego,Acute Composite,181.26,144.02,5,,,,,,,,,-0.07983470073956483,,
San Diego,Asthma in Younger Adults (Age 18-39),17.24,13.24,5,13.3,373.8,16.0,351.2,2.3,2.5,Low,High,-0.6966323719187473,2.1341248922506204,-2.8307572641693675
San Diego,COPD or Asthma in Older Adults (Age 40+),172.3,127.26000000000002,5,131.8,271.5,134.7,232.4,3.6,3.9,Low,High,-0.11352880593262338,1.1829301731796968,-1.2964589791123202
San Diego,Chronic Composite,769.42,600.1600000000001,5,,,,,,,,,2.1319426330047833,,
San Diego,Community-Acquired Pneumonia,81.42,64.32000000000001,5,74.2,151.9,88.5,133.3,4.1,4.5,Low,High,-0.455283301462218,0.07087847815640774,-0.5261617796186258
San Diego,Diabetes Composite,234.7,194.98,5,205.5,165.8,223.4,147.8,5.6,5.6,Low,High,0.12112656951903479,0.20012194438403086,-0.07899537486499607
San Diego,Diabetes Long-term Complications,123.92,99.44,5,,,,,,,,,-0.29546193196389303,,
San Diego,Diabetes Short-term Complications,64.5,58.279999999999994,5,,,,,,,,,-0.5189110090366099,,
San Diego,Heart Failure,368.38,288.7,5,312.1,189.6,353.7,161.2,4.8,4.9,Low,High,0.6238305853904719,0.421416512457227,0.20241407293324487
San Diego,Hypertension,48.42,37.339999999999996,5,41.1,188.7,49.0,161.5,2.8,3.0,Low,High,-0.5793798942491526,0.41304823047126576,-0.9924281247204183
San Diego,Lower-Extremity Amputation (Diabetes),31.3,25.28,5,,,,,,,,,-0.6437597023858896,,
San Diego,Overall Composite,949.78,744.1800000000001,5,,,,,,,,,2.8101869201275567,,
San Diego,Uncontrolled Diabetes,33.7,25.639999999999997,5,,,,,,,,,-0.634734495637749,,
San Diego,Urinary Tract Infection,99.32000000000001,79.72,5,82.5,156.7,84.4,140.1,3.4,3.7,Low,High,-0.3879703011323352,0.11550931541486735,-0.5034796165472025
San Francisco,Acute Composite,118.25999999999999,104.72,5,,,,,,,,,-0.31674637787825827,,
San Francisco,Asthma in Younger Adults (Age 18-39),13.3,11.26,5,17.5,724.8,16.0,351.2,1.6,2.5,High,High,-0.7114487529969449,5.39775486677549,-6.109203619772435
San Francisco,COPD or Asthma in Older Adults (Age 40+),194.78,150.02,5,163.0,519.6,134.7,232.4,4.1,3.9,High,High,-0.02899270272503884,3.489786573976336,-3.5187792767013746
San Francisco,Chronic Composite,702.1800000000001,589.72,5,,,,,,,,,1.8790864239443748,,
San Francisco,Community-Acquired Pneumonia,58.720000000000006,50.8,5,63.8,303.5,88.5,133.3,4.0,4.5,Low,High,-0.5406467152883822,1.4804690882360951,-2.021115803524477
San Francisco,Diabetes Composite,155.9,136.26,5,155.2,355.2,223.4,147.8,6.8,5.6,Low,High,-0.1752010520449182,1.9611803978740887,-2.136381449919007
San Francisco,Diabetes Long-term Complications,66.7,57.2,5,,,,,,,,,-0.5106379028508143,,
San Francisco,Diabetes Short-term Complications,50.78,46.660000000000004,5,,,,,,,,,-0.5705051076134809,,
San Francisco,Heart Failure,380.12,327.18,5,356.0,344.6,353.7,161.2,6.0,4.9,High,High,0.6679788884001269,1.8626206322616572,-1.1946417438615304
San Francisco,Hypertension,40.04,34.379999999999995,5,41.8,345.0,49.0,161.5,3.1,3.0,Low,High,-0.6108929078114106,1.866339868699862,-2.4772327765112725
San Francisco,Lower-Extremity Amputation (Diabetes),23.56,20.16,5,,,,,,,,,-0.6728659941486435,,
San Francisco,Overall Composite,817.1800000000001,694.4,5,,,,,,,,,2.3115442472927836,,
San Francisco,Uncontrolled Diabetes,27.04,22.240000000000002,5,,,,,,,,,-0.6597794443638394,,
San Francisco,Urinary Tract Infection,59.17999999999999,53.879999999999995,5,65.4,289.5,84.4,140.1,3.8,3.7,Low,High,-0.5389168839949885,1.3502958128989209,-1.8892126968939094
San Joaquin,Acute Composite,164.0,146.95999999999998,5,,,,,,,,,-0.14474097926994334,,
San Joaquin,Asthma in Younger Adults (Age 18-39),16.04,15.02,5,14.9,250.8,16.0,351.2,2.8,2.5,Low,Low,-0.7011449752928176,0.9904596875025892,-1.6916046627954069
San Joaquin,COPD or Asthma in Older Adults (Age 40+),161.52,141.4,5,142.7,173.1,134.7,232.4,3.9,3.9,High,Low,-0.15406702624302204,0.2679980093812716,-0.42206503562429365
San Joaquin,Chronic Composite,867.2,812.48,5,,,,,,,,,2.4996445979352826,,
San Joaquin,Community-Acquired Pneumonia,94.26,84.84,5,94.2,99.6,88.5,133.3,4.6,4.5,High,Low,-0.40699844535966523,-0.4154116861388935,0.008413240779228282
San Joaquin,Diabetes Composite,236.3,251.74,5,256.4,109.4,223.4,147.8,5.5,5.6,High,Low,0.12714337401779535,-0.3242903934028714,0.45143376742066676
San Joaquin,Diabetes Long-term Complications,98.2,100.4,5,,,,,,,,,-0.39218206428146757,,
San Joaquin,Diabetes Short-term Complications,86.38,99.94,5,,,,,,,,,-0.43663120751606055,,
San Joaquin,Heart Failure,474.18,421.41999999999996,5,465.4,115.7,353.7,161.2,4.7,4.9,High,Low,1.021691782871008,-0.265712419501143,1.287404202372151
San Joaquin,Hypertension,49.3,50.06,5,48.5,115.6,49.0,161.5,4.0,3.0,Low,Low,-0.5760706517748343,-0.2666422286106943,-0.30942842316414
San Joaquin,Lower-Extremity Amputation (Diabetes),40.160000000000004,41.879999999999995,5,,,,,,,,,-0.6104416474740035,,
San Joaquin,Overall Composite,1034.52,959.4200000000001,5,,,,,,,,,3.128851928393158,,
San Joaquin,Uncontrolled Diabetes,29.5,29.119999999999997,5,,,,,,,,,-0.6505286074469951,,
San Joaquin,Urinary Tract Infection,69.92,62.120000000000005,5,72.3,106.4,84.4,140.1,3.6,3.7,Low,Low,-0.4985290837970588,-0.3521846666894088,-0.14634441710765
San Luis Obispo,Acute Composite,147.56,151.78,5,,,,,,,,,-0.20656364549470715,,
San Luis Obispo,Asthma in Younger Adults (Age 18-39),10.5,8.55,5,7.8,286.0,16.0,351.2,1.6,2.5,Low,Low,-0.7219781608697757,1.3177524940646272,-2.039730654934403
San Luis Obispo,COPD or Asthma in Older Adults (Age 40+),87.12,79.86,5,89.0,181.6,134.7,232.4,3.3,3.9,Low,Low,-0.4338484354353838,0.3470317836931274,-0.7808802191285112
San Luis Obispo,Chronic Composite,472.78000000000003,459.36,5,,,,,,,,,1.0164270789345926,,
San Luis Obispo,Community-Acquired Pneumonia,74.06,78.64000000000001,5,110.2,96.5,88.5,133.3,4.2,4.5,High,Low,-0.48296060215651615,-0.4442357685349821,-0.03872483362153406
San Luis Obispo,Diabetes Composite,144.84,139.66,5,149.2,101.3,223.4,147.8,4.8,5.6,Low,Low,-0.21679221314259994,-0.39960493127652236,0.1828127181339224
San Luis Obispo,Diabetes Long-term Complications,63.34000000000001,60.04,5,,,,,,,,,-0.5232731922982112,,
San Luis Obispo,Diabetes Short-term Complications,54.3,53.94,5,,,,,,,,,-0.5572681377162079,,
San Luis Obispo,Heart Failure,246.56,246.98000000000002,5,277.5,127.2,353.7,161.2,4.7,4.9,Low,Low,0.1657261328660968,-0.15878437190274983,0.32451050476884663
San Luis Obispo,Hypertension,21.96,20.7,5,21.9,128.2,49.0,161.5,2.6,3.0,Low,Low,-0.6788827986474039,-0.1494862808072375,-0.5293965178401664
San Luis Obispo,Lower-Extremity Amputation (Diabetes),20.28,20.7,5,,,,,,,,,-0.6852004433711024,,
San Luis Obispo,Overall Composite,621.1800000000001,611.1600000000001,5,,,,,,,,,1.574485696194626,,
San Luis Obispo,Uncontrolled Diabetes,17.0,15.8,5,,,,,,,,,-0.6975348925935614,,
San Luis Obispo,Urinary Tract Infection,73.7,73.17999999999999,5,84.9,106.9,84.4,140.1,4.4,3.7,High,Low,-0.4843143831687373,-0.34753562114165254,-0.13677876202708478
San Mateo,Acute Composite,121.02000000000001,92.12,5,,,,,,,,,-0.3063673901178964,,
San Mateo,Asthma in Younger Adults (Age 18-39),11.419999999999998,6.68,5,9.6,400.4,16.0,351.2,3.0,2.5,Low,High,-0.7185184982829885,2.3814541153912514,-3.09997261367424
San Mateo,COPD or Asthma in Older Adults (Age 40+),109.88,62.44,5,66.5,224.8,134.7,232.4,3.8,3.9,Low,Low,-0.3482593914405162,0.7487093190192654,-1.0969687104597816
San Mateo,Chronic Composite,628.5,427.5,5,,,,,,,,,1.602012576776455,,
San Mateo,Community-Acquired Pneumonia,60.42,41.88,5,60.0,140.2,88.5,133.3,4.2,4.5,Low,High,-0.534253860508449,-0.03790918766108809,-0.49634467284736095
San Mateo,Diabetes Composite,180.34,113.04,5,136.9,151.6,223.4,147.8,6.0,5.6,Low,High,-0.08329436332635205,0.0680890508277539,-0.15138341415410594
San Mateo,Diabetes Long-term Complications,82.82000000000001,53.98,5,,,,,,,,,-0.45001859752580253,,
San Mateo,Diabetes Short-term Complications,59.68000000000001,34.160000000000004,5,,,,,,,,,-0.5370366325891258,,
San Mateo,Heart Failure,334.96,254.28000000000003,5,276.1,164.6,353.7,161.2,5.0,4.9,Low,High,0.4981545814226126,0.18896423506941576,0.30919034635319687
San Mateo,Hypertension,27.82,18.14,5,20.4,163.4,49.0,161.5,2.7,3.0,Low,High,-0.6568462521706937,0.17780652575480094,-0.8346527779254946
San Mateo,Lower-Extremity Amputation (Diabetes),30.72,19.38,5,,,,,,,,,-0.6459407940166904,,
San Mateo,Overall Composite,745.94,519.62,5,,,,,,,,,2.0436460269854737,,
San Mateo,Uncontrolled Diabetes,23.259999999999998,15.819999999999999,5,,,,,,,,,-0.673994144992161,,
San Mateo,Urinary Tract Infection,59.239999999999995,50.2,5,53.3,149.9,84.4,140.1,3.6,3.7,Low,High,-0.5386912538262849,0.05228229596538284,-0.5909735497916677
Santa Barbara,Acute Composite,121.55999999999999,112.88000000000002,5,,,,,,,,,-0.3043367185995648,,
Santa Barbara,Asthma in Younger Adults (Age 18-39),10.540000000000001,8.1,5,6.7,294.9,16.0,351.2,1.4,2.5,Low,Low,-0.7218277407573067,1.400505504814688,-2.1223332455719945
Santa Barbara,COPD or Asthma in Older Adults (Age 40+),102.3,85.56,5,84.8,231.5,134.7,232.4,3.5,3.9,Low,Low,-0.3767640027533939,0.8110065293591988,-1.1877705321125926
Santa Barbara,Chronic Composite,495.86,432.64,5,,,,,,,,,1.1032194838292122,,
Santa Barbara,Community-Acquired Pneumonia,55.42,49.7,5,62.1,115.0,88.5,133.3,3.9,4.5,Low,Low,-0.5530563745670756,-0.27222108326800176,-0.2808352912990738
Santa Barbara,Diabetes Composite,164.38,148.16,5,151.5,127.5,223.4,147.8,5.3,5.6,Low,Low,-0.14331198820148774,-0.1559949445740961,0.012682956372608356
Santa Barbara,Diabetes Long-term Complications,77.84,67.62,5,,,,,,,,,-0.4687459015281945,,
Santa Barbara,Diabetes Short-term Complications,55.8,53.3,5,,,,,,,,,-0.55162738349862,,
Santa Barbara,Heart Failure,233.14000000000001,210.32,5,221.8,148.0,353.7,161.2,4.4,4.9,Low,Low,0.11526018513274343,0.034615922883909134,0.0806442622488343
Santa Barbara,Hypertension,26.78,22.740000000000002,5,21.9,146.5,49.0,161.5,3.0,3.0,Low,Low,-0.660757175094888,0.020668786240640453,-0.6814259613355285
Santa Barbara,Lower-Extremity Amputation (Diabetes),20.0,17.68,5,,,,,,,,,-0.6862533841583854,,
Santa Barbara,Overall Composite,615.3399999999999,545.5400000000001,5,,,,,,,,,1.5525243597741498,,
Santa Barbara,Uncontrolled Diabetes,20.7,18.34,5,,,,,,,,,-0.6836210321901778,,
Santa Barbara,Urinary Tract Infection,65.3,63.220000000000006,5,75.8,125.8,84.4,140.1,3.6,3.7,Low,Low,-0.5159026067872297,-0.1718016994364673,-0.3441009073507624
Santa Clara,Acute Composite,170.72,114.24000000000001,5,,,,,,,,,-0.11947040037514939,,
Santa Clara,Asthma in Younger Adults (Age 18-39),15.459999999999999,8.72,5,11.8,438.2,16.0,351.2,2.7,2.5,Low,High,-0.7033260669236182,2.7329219588016223,-3.4362480257252406
Santa Clara,COPD or Asthma in Older Adults (Age 40+),152.5,82.9,5,89.9,308.8,134.7,232.4,4.2,3.9,Low,High,-0.1879867616047842,1.5297489710423113,-1.7177357326470954
Santa Clara,Chronic Composite,802.4,500.86,5,,,,,,,,,2.255964015735483,,
Santa Clara,Community-Acquired Pneumonia,90.92,56.04,5,68.8,169.0,88.5,133.3,5.2,4.5,Low,High,-0.4195585247508277,0.2298758358896706,-0.6494343606404983
Santa Clara,Diabetes Composite,227.44,138.56,5,151.7,194.6,223.4,147.8,6.5,5.6,Low,High,0.0938253191059092,0.46790696793478925,-0.37408164882888006
Santa Clara,Diabetes Long-term Complications,102.62,62.1,5,,,,,,,,,-0.3755606418536418,,
Santa Clara,Diabetes Short-term Complications,69.94,42.62,5,,,,,,,,,-0.49845387374082434,,
Santa Clara,Heart Failure,409.06,277.3,5,308.1,201.5,353.7,161.2,5.8,4.9,Low,High,0.7768078397714568,0.5320637964938253,0.24474404327763155
Santa Clara,Hypertension,53.4,32.519999999999996,5,40.1,200.2,49.0,161.5,3.4,3.0,Low,High,-0.5606525902467606,0.519976278069659,-1.0806288683164196
Santa Clara,Lower-Extremity Amputation (Diabetes),39.08,23.080000000000002,5,,,,,,,,,-0.6145029905106669,,
Santa Clara,Overall Composite,971.0,615.1,5,,,,,,,,,2.8899847897923676,,
Santa Clara,Uncontrolled Diabetes,35.62,22.1,5,,,,,,,,,-0.6275143302392364,,
Santa Clara,Urinary Tract Infection,79.2,58.160000000000004,5,65.1,175.9,84.4,140.1,4.4,3.7,Low,High,-0.46363161770424816,0.29403266444870657,-0.7576642821529547
Santa Cruz,Acute Composite,141.64000000000001,128.9,5,,,,,,,,,-0.22882582214012082,,
Santa Cruz,Asthma in Younger Adults (Age 18-39),9.7,7.8,5,7.2,370.9,16.0,351.2,1.8,2.5,Low,High,-0.724986563119156,2.1071604280736342,-2.8321469911927903
Santa Cruz,COPD or Asthma in Older Adults (Age 40+),101.3,88.06,5,93.7,236.7,134.7,232.4,4.5,3.9,Low,High,-0.3805245055651192,0.8593566030558634,-1.2398811086209824
Santa Cruz,Chronic Composite,511.73999999999995,460.84,5,,,,,,,,,1.1629362684794096,,
Santa Cruz,Community-Acquired Pneumonia,60.6,55.760000000000005,5,62.0,144.1,88.5,133.3,4.6,4.5,Low,High,-0.5335769700023386,-0.0016466323885894793,-0.5319303376137491
Santa Cruz,Diabetes Composite,165.35999999999999,156.84,5,163.2,148.7,223.4,147.8,5.5,5.6,Low,High,-0.139626695445997,0.04112458665076774,-0.18075128209676475
Santa Cruz,Diabetes Long-term Complications,79.4,74.82000000000001,5,,,,,,,,,-0.46287951714190306,,
Santa Cruz,Diabetes Short-term Complications,46.660000000000004,45.92,5,,,,,,,,,-0.5859983791977892,,
Santa Cruz,Heart Failure,245.82,219.16,5,278.4,165.0,353.7,161.2,4.6,4.9,Low,High,0.16294336078542004,0.1926834715076208,-0.029740110722200758
Santa Cruz,Hypertension,32.019999999999996,28.26,5,35.0,164.3,49.0,161.5,2.5,3.0,Low,High,-0.6410521403614475,0.18617480774076217,-0.8272269481022096
Santa Cruz,Lower-Extremity Amputation (Diabetes),30.2,29.22,5,,,,,,,,,-0.6478962554787875,,
Santa Cruz,Overall Composite,653.62,589.76,5,,,,,,,,,1.6964764074069945,,
Santa Cruz,Uncontrolled Diabetes,23.240000000000002,20.4,5,,,,,,,,,-0.6740693550483955,,
Santa Cruz,Urinary Tract Infection,81.67999999999999,73.14000000000001,5,91.4,157.8,84.4,140.1,3.9,3.7,High,High,-0.45430557073116945,0.12573721561993126,-0.5800427863511007
Shasta,Acute Composite,226.0,257.62,5,,,,,,,,,0.08841019505702478,,
Shasta,Asthma in Younger Adults (Age 18-39),16.119999999999997,15.8,5,18.9,401.5,16.0,351.2,1.2,2.5,High,High,-0.7008441350678796,2.391682015596315,-3.092526150664195
Shasta,COPD or Asthma in Older Adults (Age 40+),208.35999999999999,206.82,5,237.3,205.1,134.7,232.4,3.5,3.9,High,Low,0.02207492545819057,0.56553692443767,-0.5434619989794794
Shasta,Chronic Composite,790.6,935.26,5,,,,,,,,,2.211590082557125,,
Shasta,Community-Acquired Pneumonia,141.66,159.0,5,214.1,122.3,88.5,133.3,4.2,4.5,High,Low,-0.2287506120838864,-0.20434501827076088,-0.024405593813125515
Shasta,Diabetes Composite,225.76,266.26,5,295.3,136.3,223.4,147.8,4.4,5.6,High,Low,0.08750767438221069,-0.07417174293358643,0.1616794173157971
Shasta,Diabetes Long-term Complications,79.28,97.52000000000001,5,,,,,,,,,-0.4633307774793101,,
Shasta,Diabetes Short-term Complications,110.92,119.2,5,,,,,,,,,-0.34434846851632184,,
Shasta,Heart Failure,381.8,471.84,5,521.4,157.9,353.7,161.2,4.4,4.9,High,Low,0.6742965331238254,0.12666702472948244,0.547629508394343
Shasta,Hypertension,47.46,54.94,5,67.1,157.7,49.0,161.5,3.6,3.0,High,Low,-0.5829899769484089,0.1248074065103798,-0.7077973834587887
Shasta,Lower-Extremity Amputation (Diabetes),27.360000000000003,35.12,5,,,,,,,,,-0.6585760834640872,,
Shasta,Overall Composite,1015.5,1192.86,5,,,,,,,,,3.057327164914143,,
Shasta,Uncontrolled Diabetes,24.78,29.639999999999997,5,,,,,,,,,-0.6682781807183386,,
Shasta,Urinary Tract Infection,85.4,98.61999999999999,5,111.6,124.9,84.4,140.1,4.3,3.7,High,Low,-0.4403165002715513,-0.18016998142242843,-0.2601465188491229
Sierra,Acute Composite,118.46,156.73999999999998,5,,,,,,,,,-0.3159942773159132,,
Sierra,Asthma in Younger Adults (Age 18-39),0.0,0.0,5,0.0,0.0,16.0,351.2,0.0,2.5,Low,Low,-0.7614634403928913,-1.3415015592519335,0.5800381188590422
Sierra,COPD or Asthma in Older Adults (Age 40+),222.15,200.5,5,94.2,0.0,134.7,232.4,1.5,3.9,Low,Low,0.07393225923188243,-1.3415015592519335,1.415433818483816
Sierra,Chronic Composite,290.15000000000003,353.775,5,,,,,,,,,0.32964645042920243,,
Sierra,Community-Acquired Pneumonia,55.260000000000005,74.68,5,112.4,0.0,88.5,133.3,3.7,4.5,High,Low,-0.5536580550169516,-1.3415015592519335,0.7878435042349818
Sierra,Diabetes Composite,59.54,67.3,5,74.9,0.0,223.4,147.8,15.5,5.6,Low,Low,-0.5375631029827674,-1.3415015592519335,0.803938456269166
Sierra,Diabetes Long-term Complications,41.74,52.4,5,,,,,,,,,-0.6045000530314776,,
Sierra,Diabetes Short-term Complications,8.26,7.459999999999999,5,,,,,,,,,-0.7304016871680404,,
Sierra,Heart Failure,77.53999999999999,104.54,5,112.4,0.0,353.7,161.2,3.0,4.9,Low,Low,-0.46987405237171215,-1.3415015592519335,0.8716275068802213
Sierra,Hypertension,5.5,7.5,5,37.5,0.0,49.0,161.5,3.0,3.0,Low,Low,-0.7407806749284022,-1.3415015592519335,0.6007208843235313
Sierra,Lower-Extremity Amputation (Diabetes),22.7,30.02,5,,,,,,,,,-0.6761000265667272,,
Sierra,Overall Composite,428.25,530.75,5,,,,,,,,,0.8489718887284652,,
Sierra,Uncontrolled Diabetes,0.0,0.0,5,,,,,,,,,-0.7614634403928913,,
Sierra,Urinary Tract Infection,63.760000000000005,82.1,5,112.4,0.0,84.4,140.1,4.7,3.7,High,Low,-0.5216937811172867,-1.3415015592519335,0.8198077781346468
Siskiyou,Acute Composite,185.68,273.65999999999997,5,,,,,,,,,-0.06321327831173898,,
Siskiyou,Asthma in Younger Adults (Age 18-39),5.725,5.074999999999999,5,0.0,360.7,16.0,351.2,0.0,2.5,Low,High,-0.739934561795764,2.012319898899407,-2.752254460695171
Siskiyou,COPD or Asthma in Older Adults (Age 40+),147.2,160.28,5,119.4,133.8,134.7,232.4,2.9,3.9,Low,Low,-0.2079174265069283,-0.09741697067236756,-0.11050045583456074
Siskiyou,Chronic Composite,414.46000000000004,582.1,5,,,,,,,,,0.7971145549547736,,
Siskiyou,Community-Acquired Pneumonia,127.05999999999999,194.24,5,241.0,90.1,88.5,133.3,2.6,4.5,High,Low,-0.2836539531350757,-0.5037435515462618,0.22008959841118614
Siskiyou,Diabetes Composite,164.12,222.26,5,264.3,90.3,223.4,147.8,3.6,5.6,High,Low,-0.14428971893253628,-0.5018839333271593,0.357594214394623
Siskiyou,Diabetes Long-term Complications,41.42,59.86,5,,,,,,,,,-0.6057034139312296,,
Siskiyou,Diabetes Short-term Complications,110.55999999999999,127.88,5,,,,,,,,,-0.345702249528543,,
Siskiyou,Heart Failure,147.56,218.64000000000001,5,194.6,114.8,353.7,161.2,2.8,4.9,Low,Low,-0.20656364549470715,-0.2740807014871043,0.06751705599239713
Siskiyou,Hypertension,16.3,22.479999999999997,5,37.8,114.8,49.0,161.5,2.4,3.0,Low,Low,-0.700167244561769,-0.2740807014871043,-0.42608654307466476
Siskiyou,Lower-Extremity Amputation (Diabetes),17.46,27.6,5,,,,,,,,,-0.6958050613001676,,
Siskiyou,Overall Composite,602.5600000000001,855.76,5,,,,,,,,,1.5044651338403012,,
Siskiyou,Uncontrolled Diabetes,12.32,17.259999999999998,5,,,,,,,,,-0.7151340457524358,,
Siskiyou,Urinary Tract Infection,56.54,79.42,5,81.3,105.3,84.4,140.1,3.0,3.7,Low,Low,-0.5488446114179433,-0.36241256689447254,-0.18643204452347073
Solano,Acute Composite,176.34,139.54000000000002,5,,,,,,,,,-0.09833637457325323,,
Solano,Asthma in Younger Adults (Age 18-39),18.580000000000002,13.76,5,17.6,356.6,16.0,351.2,3.0,2.5,High,High,-0.6915932981510353,1.9741977254078065,-2.6657910235588416
Solano,COPD or Asthma in Older Adults (Age 40+),151.18,107.42,5,107.7,214.5,134.7,232.4,4.1,3.9,Low,Low,-0.19295062531626156,0.6529389807354871,-0.8458896060517487
Solano,Chronic Composite,786.48,624.54,5,,,,,,,,,2.1960968109728167,,
Solano,Community-Acquired Pneumonia,101.4,79.52000000000001,5,98.4,128.6,88.5,133.3,4.3,4.5,High,Low,-0.38014845528394664,-0.14576704436903246,-0.23438141091491418
Solano,Diabetes Composite,237.16,190.74,5,202.5,140.5,223.4,147.8,6.3,5.6,Low,Low,0.13037740643587903,-0.03511976033243425,0.16549716676831328
Solano,Diabetes Long-term Complications,111.97999999999999,90.0,5,,,,,,,,,-0.34036233553589307,,
Solano,Diabetes Short-term Complications,72.38,59.92,5,,,,,,,,,-0.48927824688021465,,
Solano,Heart Failure,394.88,329.36,5,363.7,160.3,353.7,161.2,5.1,4.9,High,Low,0.7234839099011922,0.14898244335871239,0.5745014665424798
Solano,Hypertension,45.18,32.7,5,37.8,162.6,49.0,161.5,3.1,3.0,Low,High,-0.5915639233591425,0.17036805287839085,-0.7619319762375334
Solano,Lower-Extremity Amputation (Diabetes),59.92,49.64,5,,,,,,,,,-0.5361341119143117,,
Solano,Overall Composite,963.8799999999999,764.08,5,,,,,,,,,2.863210009772883,,
Solano,Uncontrolled Diabetes,21.36,16.0,5,,,,,,,,,-0.681139100334439,,
Solano,Urinary Tract Infection,75.0,60.04,5,68.8,140.1,84.4,140.1,3.9,3.7,Low,High,-0.4794257295134944,-0.03883899677063928,-0.4405867327428551
Sonoma,Acute Composite,149.5,131.02,5,,,,,,,,,-0.1992682700399601,,
Sonoma,Asthma in Younger Adults (Age 18-39),11.459999999999999,8.26,5,12.5,463.2,16.0,351.2,2.0,2.5,Low,High,-0.7183680781705194,2.9653742361894335,-3.683742314359953
Sonoma,COPD or Asthma in Older Adults (Age 40+),155.88,110.38,5,117.2,228.3,134.7,232.4,3.5,3.9,Low,Low,-0.17527626210115274,0.781252637853559,-0.9565288999547118
Sonoma,Chronic Composite,665.38,558.5600000000001,5,,,,,,,,,1.7406999204728837,,
Sonoma,Community-Acquired Pneumonia,74.8,64.05999999999999,5,73.6,146.5,88.5,133.3,3.8,4.5,Low,High,-0.4801778300758394,0.020668786240640453,-0.5008466163164799
Sonoma,Diabetes Composite,195.28,154.24,5,178.0,157.4,223.4,147.8,6.4,5.6,Low,High,-0.02711245131917619,0.12201797918172622,-0.1491304305009024
Sonoma,Diabetes Long-term Complications,92.3,76.7,5,,,,,,,,,-0.4143690308706468,,
Sonoma,Diabetes Short-term Complications,67.34,49.88,5,,,,,,,,,-0.50823118105131,,
Sonoma,Heart Failure,326.98,300.9,5,362.7,178.2,353.7,161.2,4.5,4.9,High,High,0.4681457689850449,0.315418273968385,0.1527274950166599
Sonoma,Hypertension,36.14,26.82,5,35.0,179.0,49.0,161.5,2.5,3.0,Low,High,-0.6255588687771393,0.3228567468447951,-0.9484156156219343
Sonoma,Lower-Extremity Amputation (Diabetes),31.48,25.82,5,,,,,,,,,-0.6430828118797791,,
Sonoma,Overall Composite,813.88,689.58,5,,,,,,,,,2.29913458801409,,
Sonoma,Uncontrolled Diabetes,20.34,15.680000000000001,5,,,,,,,,,-0.6849748132023988,,
Sonoma,Urinary Tract Infection,73.94000000000001,66.97999999999999,5,73.3,155.4,84.4,140.1,3.5,3.7,Low,High,-0.4834118624939232,0.10342179699070132,-0.5868336594846245
Stanislaus,Acute Composite,249.08,204.57999999999998,5,,,,,,,,,0.17520259995164458,,
Stanislaus,Asthma in Younger Adults (Age 18-39),21.2,18.759999999999998,5,18.5,262.9,16.0,351.2,2.4,2.5,High,Low,-0.6817407807843151,1.1029665897582894,-1.7847073705426046
Stanislaus,COPD or Asthma in Older Adults (Age 40+),234.51999999999998,185.34,5,208.2,185.9,134.7,232.4,3.8,3.9,High,Low,0.12044967901292421,0.3870135754038311,-0.2665638963909069
Stanislaus,Chronic Composite,1015.6,915.0799999999999,5,,,,,,,,,3.057703215195316,,
Stanislaus,Community-Acquired Pneumonia,150.74,124.12,5,137.3,101.0,88.5,133.3,4.6,4.5,High,Low,-0.19460524655342068,-0.40239435860517603,0.20778911205175535
Stanislaus,Diabetes Composite,294.26000000000005,294.0,5,319.8,109.4,223.4,147.8,6.1,5.6,High,Low,0.34510211698539345,-0.3242903934028714,0.6693925103882649
Stanislaus,Diabetes Long-term Complications,141.08,136.4,5,,,,,,,,,-0.230931703714687,,
Stanislaus,Diabetes Short-term Complications,83.22,87.46000000000001,5,,,,,,,,,-0.44851439640111246,,
Stanislaus,Heart Failure,506.03999999999996,454.28000000000003,5,525.9,129.8,353.7,161.2,4.8,4.9,High,Low,1.1415014024525756,-0.13460933505441736,1.2761107375069929
Stanislaus,Hypertension,54.220000000000006,50.94,5,62.4,134.4,49.0,161.5,2.6,3.0,High,Low,-0.5575689779411459,-0.09183811601506014,-0.46573086192608576
Stanislaus,Lower-Extremity Amputation (Diabetes),54.67999999999999,55.67999999999999,5,,,,,,,,,-0.5558391466477522,,
Stanislaus,Overall Composite,1268.3200000000002,1119.6200000000001,5,,,,,,,,,4.008057485774532,,
Stanislaus,Uncontrolled Diabetes,44.32,41.879999999999995,5,,,,,,,,,-0.5947979557772264,,
Stanislaus,Urinary Tract Infection,98.44,80.47999999999999,5,87.3,109.9,84.4,140.1,4.3,3.7,High,Low,-0.3912795436066535,-0.31964134785511517,-0.07163819575153835
Sutter,Acute Composite,257.0,242.1,5,,,,,,,,,0.20498578222050884,,
Sutter,Asthma in Younger Adults (Age 18-39),16.65,14.75,5,14.1,231.0,16.0,351.2,5.5,2.5,Low,Low,-0.6988510685776652,0.8063574838114426,-1.505208552389108
Sutter,COPD or Asthma in Older Adults (Age 40+),284.5,242.7,5,251.6,144.5,134.7,232.4,5.1,3.9,High,Low,0.30839960954295437,0.002072604049615554,0.3063270054933388
Sutter,Chronic Composite,1075.26,1023.9,5,,,,,,,,,3.2820548129428464,,
Sutter,Community-Acquired Pneumonia,130.07999999999998,122.1,5,133.0,82.1,88.5,133.3,6.4,4.5,High,Low,-0.27229723464366534,-0.5781282803103615,0.3058310456666961
Sutter,Diabetes Composite,262.26,263.21999999999997,5,298.7,97.3,223.4,147.8,6.9,5.6,High,Low,0.22476602701018386,-0.43679729565857217,0.6615633226687561
Sutter,Diabetes Long-term Complications,102.2,104.05999999999999,5,,,,,,,,,-0.3771400530345664,,
Sutter,Diabetes Short-term Complications,97.04,98.1,5,,,,,,,,,-0.3965442475430689,,
Sutter,Heart Failure,574.48,549.64,5,582.4,89.6,353.7,161.2,6.6,4.9,High,Low,1.3988702148870547,-0.5083925970940181,1.9072628119810728
Sutter,Hypertension,58.44,57.239999999999995,5,43.4,91.9,49.0,161.5,3.6,3.0,Low,Low,-0.5416996560756652,-0.4870069875743393,-0.05469266850132587
Sutter,Lower-Extremity Amputation (Diabetes),44.279999999999994,46.22,5,,,,,,,,,-0.5949483758896954,,
Sutter,Overall Composite,1331.74,1266.0,5,,,,,,,,,4.24654857409415,,
Sutter,Uncontrolled Diabetes,40.260000000000005,36.739999999999995,5,,,,,,,,,-0.610065597192831,,
Sutter,Urinary Tract Infection,127.78,119.97999999999999,5,123.5,87.0,84.4,140.1,4.8,3.7,High,Low,-0.2809463911106334,-0.5325676339423504,0.251621242831717
Tehama,Acute Composite,156.32,172.16,5,,,,,,,,,-0.17362164086399362,,
Tehama,Asthma in Younger Adults (Age 18-39),12.675,10.425,5,6.0,158.5,16.0,351.2,2.0,2.5,Low,Low,-0.7137990672542732,0.13224587938678986,-0.8460449466410631
Tehama,COPD or Asthma in Older Adults (Age 40+),181.34,164.28000000000003,5,168.3,78.2,134.7,232.4,2.9,3.9,High,Low,-0.07953386051462676,-0.6143908355828599,0.5348569750682332
Tehama,Chronic Composite,800.58,904.26,5,,,,,,,,,2.2491199006181435,,
Tehama,Community-Acquired Pneumonia,93.24,104.46,5,89.3,55.3,88.5,133.3,4.1,4.5,High,Low,-0.41083415822762503,-0.8273171216700951,0.41648296344247004
Tehama,Diabetes Composite,245.51999999999998,277.56,5,298.3,53.0,223.4,147.8,3.5,5.6,High,Low,0.16181520994190243,-0.8487027311897737,1.010517941131676
Tehama,Diabetes Long-term Complications,82.32,95.56,5,,,,,,,,,-0.45189884893166526,,
Tehama,Diabetes Short-term Complications,132.56,138.82,5,,,,,,,,,-0.2629711876705865,,
Tehama,Heart Failure,395.23999999999995,471.1,5,501.2,58.4,353.7,161.2,3.7,4.9,High,Low,0.7248376909134131,-0.7984930392740064,1.5233307301874195
Tehama,Hypertension,37.08,42.38,5,52.8,58.4,49.0,161.5,2.2,3.0,High,Low,-0.6220239961341175,-0.7984930392740064,0.17646904313988887
Tehama,Lower-Extremity Amputation (Diabetes),37.54,46.760000000000005,5,,,,,,,,,-0.6202941648407239,,
Tehama,Overall Composite,957.74,1076.42,5,,,,,,,,,2.84012052250889,,
Tehama,Uncontrolled Diabetes,16.740000000000002,18.919999999999998,5,,,,,,,,,-0.6985126233246098,,
Tehama,Urinary Tract Infection,62.760000000000005,67.72,5,71.0,59.0,84.4,140.1,3.5,3.7,Low,Low,-0.525454283929012,-0.7929141846166989,0.267459900687687
Trinity,Acute Composite,121.48000000000002,217.61999999999998,5,,,,,,,,,-0.3046375588245027,,
Trinity,Asthma in Younger Adults (Age 18-39),9.66,13.459999999999999,5,35.3,60.3,16.0,351.2,6.0,2.5,High,Low,-0.725136983231625,-0.7808266661925328,0.055689682960907816
Trinity,COPD or Asthma in Older Adults (Age 40+),66.66,97.03999999999999,5,99.0,16.9,134.7,232.4,3.8,3.9,Low,Low,-0.5107883229632834,-1.184363819737773,0.6735754967744897
Trinity,Chronic Composite,205.3,376.78000000000003,5,,,,,,,,,0.010567786854311275,,
Trinity,Community-Acquired Pneumonia,64.26,122.67999999999999,5,170.2,13.2,88.5,133.3,3.5,4.5,High,Low,-0.519813529711424,-1.2187667567911693,0.6989532270797453
Trinity,Diabetes Composite,54.06,92.02000000000001,5,131.5,13.2,223.4,147.8,9.4,5.6,Low,Low,-0.558170658391022,-1.2187667567911693,0.6605960984001473
Trinity,Diabetes Long-term Complications,28.339999999999996,52.17999999999999,5,,,,,,,,,-0.6548907907085965,,
Trinity,Diabetes Short-term Complications,13.52,18.32,5,,,,,,,,,-0.7106214423783653,,
Trinity,Heart Failure,96.12,185.18,5,232.1,48.7,353.7,161.2,4.3,4.9,Low,Low,-0.4000039101298562,-0.8886845229004772,0.48868061277062097
Trinity,Hypertension,11.6,21.419999999999998,5,30.9,48.7,49.0,161.5,3.5,3.0,Low,Low,-0.7178416077768779,-0.8886845229004772,0.17084291512359928
Trinity,Lower-Extremity Amputation (Diabetes),11.919999999999998,24.619999999999997,5,,,,,,,,,-0.7166382468771259,,
Trinity,Overall Composite,326.03999999999996,594.4,5,,,,,,,,,0.4646108963420229,,
Trinity,Uncontrolled Diabetes,5.38,10.78,5,,,,,,,,,-0.7412319352658092,,
Trinity,Urinary Tract Infection,57.279999999999994,94.92,5,116.0,13.2,84.4,140.1,3.1,3.7,High,Low,-0.5460618393372666,-1.2187667567911693,0.6727049174539027
Tulare,Acute Composite,220.1,201.78,5,,,,,,,,,0.06622322846784554,,
Tulare,Asthma in Younger Adults (Age 18-39),13.040000000000001,13.080000000000002,5,16.2,187.6,16.0,351.2,2.9,2.5,High,Low,-0.7124264837279936,0.4028203302662021,-1.1152468139941956
Tulare,COPD or Asthma in Older Adults (Age 40+),171.7,166.62,5,169.4,146.5,134.7,232.4,4.2,3.9,High,Low,-0.11578510761965864,0.020668786240640453,-0.1364538938602991
Tulare,Chronic Composite,761.7,771.2,5,,,,,,,,,2.102911551298264,,
Tulare,Community-Acquired Pneumonia,122.2,114.41999999999999,5,121.1,76.1,88.5,133.3,5.0,4.5,High,Low,-0.30192999680006055,-0.6339168268834361,0.33198683008337554
Tulare,Diabetes Composite,251.01999999999998,295.52,5,314.3,85.9,223.4,147.8,6.0,5.6,High,Low,0.18249797540639154,-0.542795534147414,0.7252935095538056
Tulare,Diabetes Long-term Complications,125.25999999999999,139.66,5,,,,,,,,,-0.2904228581961812,,
Tulare,Diabetes Short-term Complications,85.4,111.5,5,,,,,,,,,-0.4403165002715513,,
Tulare,Heart Failure,353.98,338.08000000000004,5,327.3,95.9,353.7,161.2,4.9,4.9,Low,Low,0.5696793449016277,-0.4498146231922895,1.0194939680939172
Tulare,Hypertension,35.660000000000004,39.28,5,41.6,98.6,49.0,161.5,3.3,3.0,Low,Low,-0.6273639101267674,-0.424709777234406,-0.2026541328923614
Tulare,Lower-Extremity Amputation (Diabetes),41.18,47.980000000000004,5,,,,,,,,,-0.6066059346060437,,
Tulare,Overall Composite,982.4799999999999,973.0,5,,,,,,,,,2.933155362070974,,
Tulare,Uncontrolled Diabetes,26.459999999999997,28.54,5,,,,,,,,,-0.66196053599464,,
Tulare,Urinary Tract Infection,97.88,87.36,5,93.0,88.3,84.4,140.1,4.4,3.7,High,Low,-0.3933854251812197,-0.5204801155181842,0.12709469033696447
Tuolumne,Acute Composite,155.45999999999998,206.35999999999999,5,,,,,,,,,-0.1768556732820774,,
Tuolumne,Asthma in Younger Adults (Age 18-39),14.1,13.3,5,23.2,311.0,16.0,351.2,5.3,2.5,High,Low,-0.7084403507475647,1.5502047714524385,-2.2586451222000035
Tuolumne,COPD or Asthma in Older Adults (Age 40+),170.7,189.52,5,159.8,130.3,134.7,232.4,3.7,3.9,High,Low,-0.11954561043138393,-0.12996028950666114,0.010414679075277211
Tuolumne,Chronic Composite,585.8199999999999,761.02,5,,,,,,,,,1.4415143167720192,,
Tuolumne,Community-Acquired Pneumonia,89.52000000000001,118.22,5,102.6,76.5,88.5,133.3,3.6,4.5,High,Low,-0.4248232286872431,-0.630197590445231,0.20537436175798796
Tuolumne,Diabetes Composite,178.44,213.28000000000003,5,194.0,79.3,223.4,147.8,5.0,5.6,Low,Low,-0.09043931866863013,-0.6041629353777963,0.5137236167091662
Tuolumne,Diabetes Long-term Complications,73.6,90.46000000000001,5,,,,,,,,,-0.4846904334499098,,
Tuolumne,Diabetes Short-term Complications,86.96000000000001,91.46,5,,,,,,,,,-0.43445011588525984,,
Tuolumne,Heart Failure,262.76,364.48,5,318.8,120.3,353.7,161.2,4.3,4.9,Low,Low,0.2266462784160465,-0.22294120046178578,0.4495874788778323
Tuolumne,Hypertension,35.339999999999996,45.62,5,49.1,116.5,49.0,161.5,3.3,3.0,High,Low,-0.6285672710265194,-0.2582739466247331,-0.37029332440178636
Tuolumne,Lower-Extremity Amputation (Diabetes),24.56,31.439999999999998,5,,,,,,,,,-0.6691054913369181,,
Tuolumne,Overall Composite,741.6600000000001,967.3799999999999,5,,,,,,,,,2.0275510749512895,,
Tuolumne,Uncontrolled Diabetes,13.1,18.119999999999997,5,,,,,,,,,-0.71220085355929,,
Tuolumne,Urinary Tract Infection,66.06,88.12,5,91.4,86.6,84.4,140.1,4.0,3.7,High,Low,-0.5130446246503185,-0.5362868703805554,0.02324224573023692
Ventura,Acute Composite,217.38000000000002,179.7,5,,,,,,,,,0.05599466081995286,,
Ventura,Asthma in Younger Adults (Age 18-39),9.82,7.24,5,10.6,360.3,16.0,351.2,2.4,2.5,Low,High,-0.7245353027817489,2.0086006624612027,-2.7331359652429517
Ventura,COPD or Asthma in Older Adults (Age 40+),160.54,112.08,5,114.3,205.3,134.7,232.4,3.9,3.9,Low,Low,-0.15775231899851289,0.5673965426567726,-0.7251488616552855
Ventura,Chronic Composite,720.24,582.64,5,,,,,,,,,1.9470011047241333,,
Ventura,Community-Acquired Pneumonia,103.2,83.82000000000001,5,96.9,125.2,88.5,133.3,4.5,4.5,High,Low,-0.37337955022284114,-0.1773805540937747,-0.19599899612906643
Ventura,Diabetes Composite,234.74,188.56,5,205.2,138.1,223.4,147.8,5.2,5.6,Low,Low,0.12127698963150388,-0.05743517896166418,0.17871216859316807
Ventura,Diabetes Long-term Complications,114.97999999999999,93.12,5,,,,,,,,,-0.32908082710071723,,
Ventura,Diabetes Short-term Complications,69.32000000000001,56.279999999999994,5,,,,,,,,,-0.500785385484094,,
Ventura,Heart Failure,323.78000000000003,279.54,5,293.5,147.1,353.7,161.2,4.9,4.9,Low,Low,0.45611215998752397,0.02624764089794787,0.4298645190895761
Ventura,Hypertension,56.7,41.0,5,45.0,146.9,49.0,161.5,2.8,3.0,Low,Low,-0.5482429309680673,0.02438802267884549,-0.5726309536469127
Ventura,Lower-Extremity Amputation (Diabetes),34.0,27.68,5,,,,,,,,,-0.6336063447942314,,
Ventura,Overall Composite,938.74,762.3199999999999,5,,,,,,,,,2.7686709690861098,,
Ventura,Uncontrolled Diabetes,36.62,27.860000000000003,5,,,,,,,,,-0.6237538274275111,,
Ventura,Urinary Tract Infection,113.64000000000001,95.9,5,107.3,132.0,84.4,140.1,3.8,3.7,High,Low,-0.334119900868429,-0.11415353464429008,-0.21996636622413895
Yolo,Acute Composite,93.38,83.02000000000001,5,,,,,,,,,-0.4103076878339835,,
Yolo,Asthma in Younger Adults (Age 18-39),8.0,7.459999999999999,5,7.9,236.3,16.0,351.2,3.3,2.5,Low,Low,-0.731379417899089,0.8556373666176587,-1.5870167845167478
Yolo,COPD or Asthma in Older Adults (Age 40+),130.84,126.42,5,147.4,235.6,134.7,232.4,3.9,3.9,High,High,-0.26943925250675405,0.8491287028507998,-1.1185679553575538
Yolo,Chronic Composite,527.3399999999999,479.21999999999997,5,,,,,,,,,1.2216001123423241,,
Yolo,Community-Acquired Pneumonia,50.239999999999995,44.6,5,55.8,109.9,88.5,133.3,4.0,4.5,Low,Low,-0.5725357791318125,-0.31964134785511517,-0.25289443127669736
Yolo,Diabetes Composite,134.8,143.14000000000001,5,165.7,118.5,223.4,147.8,5.2,5.6,Low,Low,-0.2545476613723218,-0.23967776443370817,-0.014869896938613653
Yolo,Diabetes Long-term Complications,62.14,59.879999999999995,5,,,,,,,,,-0.5277857956722817,,
Yolo,Diabetes Short-term Complications,45.0,56.54,5,,,,,,,,,-0.5922408138652532,,
Yolo,Heart Failure,285.88,245.45999999999998,5,255.9,122.5,353.7,161.2,4.8,4.9,Low,Low,0.3135891034231353,-0.20248540005165835,0.5160745034747937
Yolo,Hypertension,25.419999999999998,23.919999999999998,5,24.8,122.4,49.0,161.5,2.2,3.0,Low,Low,-0.6658714589188344,-0.20341520916120956,-0.4624562497576248
Yolo,Lower-Extremity Amputation (Diabetes),22.64,22.6,5,,,,,,,,,-0.6763256567354308,,
Yolo,Overall Composite,622.3399999999999,562.26,5,,,,,,,,,1.5788478794562268,,
Yolo,Uncontrolled Diabetes,14.319999999999999,13.38,5,,,,,,,,,-0.7076130401289852,,
Yolo,Urinary Tract Infection,43.28,38.42,5,47.3,116.1,84.4,140.1,3.0,3.7,Low,Low,-0.5987088787014206,-0.2619931830629381,-0.3367156956384825
Yuba,Acute Composite,259.56,234.28000000000003,5,,,,,,,,,0.2146126694185256,,
Yuba,Asthma in Younger Adults (Age 18-39),15.725,13.95,5,11.0,91.5,16.0,351.2,1.0,2.5,Low,Low,-0.7023295336785111,-0.49072622401254434,-0.2116033096659668
Yuba,COPD or Asthma in Older Adults (Age 40+),321.22,304.78000000000003,5,311.0,70.3,134.7,232.4,4.7,3.9,High,Low,0.4464852727895072,-0.6878457552374083,1.1343310280269154
Yuba,Chronic Composite,1155.3600000000001,1143.94,5,,,,,,,,,3.583271088162043,,
Yuba,Community-Acquired Pneumonia,150.98,139.9,5,172.6,40.4,88.5,133.3,5.9,4.5,High,Low,-0.19370272587860668,-0.9658586789932305,0.7721559531146238
Yuba,Diabetes Composite,293.52000000000004,333.68,5,366.0,41.9,223.4,147.8,6.1,5.6,High,Low,0.34231934490471666,-0.9519115423499618,1.2942308872546784
Yuba,Diabetes Long-term Complications,120.96,132.12,5,,,,,,,,,-0.30659302028659996,,
Yuba,Diabetes Short-term Complications,113.05999999999999,139.4,5,,,,,,,,,-0.3363009924992298,,
Yuba,Heart Failure,604.68,568.0,5,505.1,61.1,353.7,161.2,6.4,4.9,High,Low,1.5124373998011584,-0.7733881933161229,2.2858255931172815
Yuba,Hypertension,60.5,64.84,5,59.1,61.1,49.0,161.5,5.2,3.0,High,Low,-0.5339530202835111,-0.7733881933161229,0.23943517303261175
Yuba,Lower-Extremity Amputation (Diabetes),47.96,54.779999999999994,5,,,,,,,,,-0.5811097255425463,,
Yuba,Overall Composite,1420.6200000000001,1378.22,5,,,,,,,,,4.580782064000294,,
Yuba,Uncontrolled Diabetes,31.8,33.42,5,,,,,,,,,-0.641879450980027,,
Yuba,Urinary Tract Infection,108.02000000000001,94.36,5,108.7,37.8,84.4,140.1,4.7,3.7,High,Low,-0.3552539266703252,-0.990033715841563,0.6347797891712378
